{
  "Version": 3,
  "FileReferences": {
    "Moc": "fengyuanwanye.moc3",
    "Textures": [
      "fengyuanwanye.4096/texture_00.png"
    ],
    "Physics": "fengyuanwanye.physics3.json",
    "PhysicsV2": {
      "File": "fengyuanwanye.physics3.json"
    },
    "Motions": {
      "Tap": [
        {
          "Name": "初次见面",
          "File": "motions/初次见面.motion3.json",
          "Sound": "sounds/初次见面.wav",
          "Text": "「飘摇风雨中，带刀归来赤脚行」…我的名字是枫原万叶，游历四方的浪人。既然你我都在旅行的路上，这段路不妨结伴同行。"
        },
        {
          "Name": "闲聊·自然",
          "File": "motions/闲聊 自然.motion3.json",
          "Sound": "sounds/闲聊 自然.wav",
          "Text": "见到了这么美丽的景色，自然会产生云游四海的想法吧？"
        },
        {
          "Name": "闲聊·吹奏",
          "File": "motions/闲聊 吹奏.motion3.json",
          "Sound": "sounds/闲聊 吹奏.wav",
          "Text": "既然手边有树叶，我可以为你吹奏一曲。"
        },
        {
          "Name": "闲聊·剑技",
          "File": "motions/闲聊 剑技.motion3.json",
          "Sound": "sounds/闲聊 剑技.wav",
          "Text": "飘摇风雨中，睹物思故乡，这把刀…是我与故乡唯一的联系了。"
        }
      ]
    },
    "Expressions": [
      {
        "Name": "友人之猫",
        "File": "expressions/cat.exp3.json"
      },
      {
        "Name": "猫耳",
        "File": "expressions/maoer.exp3.json"
      },
      {
        "Name": "微笑",
        "File": "expressions/weixiao.exp3.json"
      },
      {
        "Name": "失落",
        "File": "expressions/shiluo.exp3.json"
      }
    ]
  },
  "Controllers": {
    "ParamHit": {},
    "ParamLoop": {},
    "KeyTrigger": {},
    "ParamTrigger": {},
    "AreaTrigger": {},
    "HandTrigger": {},
    "EyeBlink": {
      "MinInterval": 500,
      "MaxInterval": 6000,
      "Items": [
        {
          "Id": "ParamEyeLOpen",
          "Min": 0.0,
          "Max": 1.0,
          "BlendMode": 2,
          "Input": 0
        },
        {
          "Id": "ParamEyeROpen",
          "Min": 0.0,
          "Max": 1.0,
          "BlendMode": 2,
          "Input": 0
        }
      ],
      "Enabled": true
    },
    "LipSync": {
      "Gain": 5.0,
      "Items": [
        {
          "Id": "ParamMouthForm",
          "Min": 0.0,
          "Max": 1.0,
          "Input": 0
        },
        {
          "Id": "ParamMouthOpenY",
          "Min": 0.0,
          "Max": 1.0,
          "Input": 0
        }
      ],
      "Enabled": true
    },
    "MouseTracking": {
      "SmoothTime": 0.15,
      "Enabled": true
    },
    "AutoBreath": {
      "Enabled": true
    },
    "ExtraMotion": {
      "Enabled": true
    },
    "Accelerometer": {
      "Enabled": true
    },
    "Microphone": {},
    "Transform": {},
    "FaceTracking": {
      "AngleZ": [
        {
          "Id": "ParamAngleZ",
          "Min": -30.0,
          "Max": 30.0,
          "DefaultValue": 0.0,
          "Input": 0
        }
      ],
      "PositionZ": [
        {
          "Id": "ParamBodyUpper",
          "Min": -10.0,
          "Max": 10.0,
          "DefaultValue": 0.0,
          "Input": 0
        }
      ],
      "Enabled": true
    },
    "HandTracking": {},
    "ParamValue": {},
    "PartOpacity": {},
    "ArtmeshOpacity": {},
    "ArtmeshColor": {},
    "ArtmeshCulling": {
      "DefaultMode": 0
    },
    "IntimacySystem": {}
  },
  "HitAreas": [
    {
      "Name": "初次见面",
      "Id": "qianfa2",
      "Motion": "Tap:初次见面"
    },
    {
      "Name": "闲聊·自然",
      "Id": "face2",
      "Motion": "Tap:闲聊·自然"
    },
    {
      "Name": "闲聊·吹奏",
      "Id": "mawei2",
      "Motion": "Tap:闲聊·吹奏"
    },
    {
      "Name": "闲聊·剑技",
      "Id": "body",
      "Motion": "Tap:闲聊·剑技"
    }
  ],
  "Options": {}
}