{
	"Version": 3,
	"Meta": {
		"Duration": 21.933,
		"Fps": 30.0,
		"Loop": true,
		"AreBeziersRestricted": false,
		"CurveCount": 31,
		"TotalSegmentCount": 1205,
		"TotalPointCount": 2714,
		"UserDataCount": 0,
		"TotalUserDataSize": 0
	},
	"Curves": [
		{
			"Target": "Parameter",
			"Id": "Param8",
			"Segments": [
				0,
				0,
				1,
				5.756,
				0,
				11.511,
				0,
				17.267,
				0,
				0,
				21.933,
				0
			]
		},
		{
			"Target": "Parameter",
			"Id": "Param7",
			"Segments": [
				0,
				0,
				1,
				3.467,
				0,
				6.933,
				0,
				10.4,
				0,
				1,
				10.544,
				0,
				10.689,
				-0.777,
				10.833,
				-0.777,
				1,
				11,
				-0.777,
				11.167,
				-0.453,
				11.333,
				-0.453,
				1,
				11.467,
				-0.453,
				11.6,
				-0.522,
				11.733,
				-0.522,
				1,
				13.244,
				-0.522,
				14.756,
				0,
				16.267,
				0,
				1,
				17.333,
				0,
				18.4,
				0,
				19.467,
				0,
				0,
				21.933,
				0
			]
		},
		{
			"Target": "Parameter",
			"Id": "Param12",
			"Segments": [
				0,
				0.013,
				1,
				0.011,
				0.013,
				0.022,
				0.013,
				0.033,
				0.013,
				1,
				0.144,
				0.013,
				0.256,
				-0.006,
				0.367,
				-0.006,
				1,
				0.478,
				-0.006,
				0.589,
				0.003,
				0.7,
				0.003,
				1,
				0.811,
				0.003,
				0.922,
				-0.001,
				1.033,
				-0.001,
				1,
				1.044,
				-0.001,
				1.056,
				-0.001,
				1.067,
				-0.001,
				1,
				1.178,
				-0.001,
				1.289,
				0.001,
				1.4,
				0.001,
				1,
				1.5,
				0.001,
				1.6,
				0,
				1.7,
				0,
				1,
				1.733,
				0,
				1.767,
				0,
				1.8,
				0,
				1,
				1.811,
				0,
				1.822,
				0,
				1.833,
				0,
				1,
				1.844,
				0,
				1.856,
				0,
				1.867,
				0,
				1,
				1.889,
				0,
				1.911,
				0,
				1.933,
				0,
				1,
				1.944,
				0,
				1.956,
				0,
				1.967,
				0,
				1,
				1.978,
				0,
				1.989,
				0,
				2,
				0,
				1,
				2.078,
				0,
				2.156,
				0,
				2.233,
				0,
				1,
				2.244,
				0,
				2.256,
				0,
				2.267,
				0,
				1,
				2.289,
				0,
				2.311,
				0,
				2.333,
				0,
				1,
				2.422,
				0,
				2.511,
				-5.242,
				2.6,
				-5.242,
				1,
				2.744,
				-5.242,
				2.889,
				5.559,
				3.033,
				5.559,
				1,
				3.144,
				5.559,
				3.256,
				-2.619,
				3.367,
				-2.619,
				1,
				3.478,
				-2.619,
				3.589,
				1.229,
				3.7,
				1.229,
				1,
				3.811,
				1.229,
				3.922,
				-0.573,
				4.033,
				-0.573,
				1,
				4.122,
				-0.573,
				4.211,
				11.345,
				4.3,
				11.345,
				1,
				4.4,
				11.345,
				4.5,
				-25.694,
				4.6,
				-25.694,
				1,
				4.7,
				-25.694,
				4.8,
				12.7,
				4.9,
				12.7,
				1,
				5.011,
				12.7,
				5.122,
				-5.772,
				5.233,
				-5.772,
				1,
				5.356,
				-5.772,
				5.478,
				2.666,
				5.6,
				2.666,
				1,
				5.711,
				2.666,
				5.822,
				-1.265,
				5.933,
				-1.265,
				1,
				6.078,
				-1.265,
				6.222,
				9.746,
				6.367,
				9.746,
				1,
				6.478,
				9.746,
				6.589,
				-20.311,
				6.7,
				-20.311,
				1,
				6.8,
				-20.311,
				6.9,
				14.322,
				7,
				14.322,
				1,
				7.122,
				14.322,
				7.244,
				-6.437,
				7.367,
				-6.437,
				1,
				7.478,
				-6.437,
				7.589,
				3.016,
				7.7,
				3.016,
				1,
				7.811,
				3.016,
				7.922,
				-1.41,
				8.033,
				-1.41,
				1,
				8.222,
				-1.41,
				8.411,
				9.304,
				8.6,
				9.304,
				1,
				8.711,
				9.304,
				8.822,
				-19.172,
				8.933,
				-19.172,
				1,
				9.033,
				-19.172,
				9.133,
				13.536,
				9.233,
				13.536,
				1,
				9.356,
				13.536,
				9.478,
				-6.1,
				9.6,
				-6.1,
				1,
				9.711,
				-6.1,
				9.822,
				2.864,
				9.933,
				2.864,
				1,
				10.044,
				2.864,
				10.156,
				-1.341,
				10.267,
				-1.341,
				1,
				10.367,
				-1.341,
				10.467,
				14.275,
				10.567,
				14.275,
				1,
				10.656,
				14.275,
				10.744,
				-23.199,
				10.833,
				-23.199,
				1,
				10.933,
				-23.199,
				11.033,
				12.01,
				11.133,
				12.01,
				1,
				11.244,
				12.01,
				11.356,
				-5.531,
				11.467,
				-5.531,
				1,
				11.578,
				-5.531,
				11.689,
				2.581,
				11.8,
				2.581,
				1,
				11.911,
				2.581,
				12.022,
				-1.199,
				12.133,
				-1.199,
				1,
				12.256,
				-1.199,
				12.378,
				0.57,
				12.5,
				0.57,
				1,
				12.611,
				0.57,
				12.722,
				-0.268,
				12.833,
				-0.268,
				1,
				12.944,
				-0.268,
				13.056,
				0.125,
				13.167,
				0.125,
				1,
				13.289,
				0.125,
				13.411,
				-0.059,
				13.533,
				-0.059,
				1,
				13.689,
				-0.059,
				13.844,
				7.143,
				14,
				7.143,
				1,
				14.133,
				7.143,
				14.267,
				-11.282,
				14.4,
				-11.282,
				1,
				14.533,
				-11.282,
				14.667,
				8.766,
				14.8,
				8.766,
				1,
				14.911,
				8.766,
				15.022,
				-4.07,
				15.133,
				-4.07,
				1,
				15.244,
				-4.07,
				15.356,
				1.896,
				15.467,
				1.896,
				1,
				15.589,
				1.896,
				15.711,
				-0.891,
				15.833,
				-0.891,
				1,
				15.944,
				-0.891,
				16.056,
				0.421,
				16.167,
				0.421,
				1,
				16.278,
				0.421,
				16.389,
				-0.198,
				16.5,
				-0.198,
				1,
				16.622,
				-0.198,
				16.744,
				0.092,
				16.867,
				0.092,
				1,
				16.978,
				0.092,
				17.089,
				-1.442,
				17.2,
				-1.442,
				1,
				17.289,
				-1.442,
				17.378,
				1.293,
				17.467,
				1.293,
				1,
				17.578,
				1.293,
				17.689,
				-0.613,
				17.8,
				-0.613,
				1,
				17.911,
				-0.613,
				18.022,
				0.288,
				18.133,
				0.288,
				1,
				18.244,
				0.288,
				18.356,
				-0.134,
				18.467,
				-0.134,
				1,
				18.589,
				-0.134,
				18.711,
				0.064,
				18.833,
				0.064,
				1,
				18.944,
				0.064,
				19.056,
				-0.03,
				19.167,
				-0.03,
				1,
				19.267,
				-0.03,
				19.367,
				0.013,
				19.467,
				0.013,
				0,
				21.933,
				0.013
			]
		},
		{
			"Target": "Parameter",
			"Id": "Param14",
			"Segments": [
				0,
				0,
				1,
				0.067,
				0,
				0.133,
				-0.945,
				0.2,
				-0.945,
				1,
				0.311,
				-0.945,
				0.422,
				0.368,
				0.533,
				0.368,
				1,
				0.644,
				0.368,
				0.756,
				-0.301,
				0.867,
				-0.301,
				1,
				0.911,
				-0.301,
				0.956,
				-0.162,
				1,
				-0.162,
				1,
				1.056,
				-0.162,
				1.111,
				-0.292,
				1.167,
				-0.292,
				1,
				1.3,
				-0.292,
				1.433,
				0.437,
				1.567,
				0.437,
				1,
				1.689,
				0.437,
				1.811,
				0.102,
				1.933,
				0.102,
				1,
				2.056,
				0.102,
				2.178,
				0.291,
				2.3,
				0.291,
				1,
				2.378,
				0.291,
				2.456,
				0.208,
				2.533,
				0.208,
				1,
				2.544,
				0.208,
				2.556,
				0.208,
				2.567,
				0.208,
				1,
				2.622,
				0.208,
				2.678,
				0.196,
				2.733,
				0.196,
				1,
				2.744,
				0.196,
				2.756,
				0.2,
				2.767,
				0.2,
				1,
				3.089,
				0.2,
				3.411,
				-0.277,
				3.733,
				-0.277,
				1,
				3.844,
				-0.277,
				3.956,
				-0.044,
				4.067,
				-0.044,
				1,
				4.167,
				-0.044,
				4.267,
				-0.223,
				4.367,
				-0.223,
				1,
				4.456,
				-0.223,
				4.544,
				-0.023,
				4.633,
				-0.023,
				1,
				4.711,
				-0.023,
				4.789,
				-0.226,
				4.867,
				-0.226,
				1,
				4.989,
				-0.226,
				5.111,
				0.093,
				5.233,
				0.093,
				1,
				5.367,
				0.093,
				5.5,
				-0.054,
				5.633,
				-0.054,
				1,
				5.767,
				-0.054,
				5.9,
				0.002,
				6.033,
				0.002,
				1,
				6.167,
				0.002,
				6.3,
				-0.013,
				6.433,
				-0.013,
				1,
				6.589,
				-0.013,
				6.744,
				-0.003,
				6.9,
				-0.003,
				1,
				6.933,
				-0.003,
				6.967,
				-0.004,
				7,
				-0.004,
				1,
				7.022,
				-0.004,
				7.044,
				-0.004,
				7.067,
				-0.004,
				1,
				7.078,
				-0.004,
				7.089,
				-0.004,
				7.1,
				-0.004,
				1,
				7.111,
				-0.004,
				7.122,
				-0.004,
				7.133,
				-0.004,
				1,
				7.144,
				-0.004,
				7.156,
				-0.004,
				7.167,
				-0.004,
				1,
				7.389,
				-0.004,
				7.611,
				0.171,
				7.833,
				0.171,
				1,
				7.956,
				0.171,
				8.078,
				-0.121,
				8.2,
				-0.121,
				1,
				8.322,
				-0.121,
				8.444,
				0.221,
				8.567,
				0.221,
				1,
				8.689,
				0.221,
				8.811,
				-0.1,
				8.933,
				-0.1,
				1,
				9.056,
				-0.1,
				9.178,
				0.06,
				9.3,
				0.06,
				1,
				9.433,
				0.06,
				9.567,
				-0.015,
				9.7,
				-0.015,
				1,
				9.722,
				-0.015,
				9.744,
				-0.013,
				9.767,
				-0.013,
				1,
				9.778,
				-0.013,
				9.789,
				-0.104,
				9.8,
				-0.104,
				1,
				9.867,
				-0.104,
				9.933,
				0.116,
				10,
				0.116,
				1,
				10.056,
				0.116,
				10.111,
				-0.003,
				10.167,
				-0.003,
				1,
				10.222,
				-0.003,
				10.278,
				0,
				10.333,
				0,
				1,
				13.378,
				0,
				16.422,
				0,
				19.467,
				0,
				0,
				21.933,
				0
			]
		},
		{
			"Target": "Parameter",
			"Id": "ParamAngleX",
			"Segments": [
				0,
				0,
				1,
				0.311,
				0,
				0.622,
				-12,
				0.933,
				-12,
				1,
				1.789,
				-12,
				2.644,
				9,
				3.5,
				9,
				1,
				3.856,
				9,
				4.211,
				0.217,
				4.567,
				-1,
				1,
				4.789,
				-1.761,
				5.011,
				-1.792,
				5.233,
				-2,
				1,
				6.022,
				-2.737,
				6.811,
				-3,
				7.6,
				-3,
				1,
				7.822,
				-3,
				8.044,
				-1.27,
				8.267,
				-1,
				1,
				8.956,
				-0.162,
				9.644,
				0,
				10.333,
				0,
				1,
				12.644,
				0,
				14.956,
				0,
				17.267,
				0,
				0,
				21.933,
				0
			]
		},
		{
			"Target": "Parameter",
			"Id": "ParamAngleY",
			"Segments": [
				0,
				0,
				1,
				0.311,
				0,
				0.622,
				-12,
				0.933,
				-12,
				1,
				1.789,
				-12,
				2.644,
				17,
				3.5,
				17,
				1,
				3.856,
				17,
				4.211,
				10.178,
				4.567,
				2,
				1,
				4.789,
				-3.111,
				5.011,
				-4,
				5.233,
				-4,
				1,
				6.022,
				-4,
				6.811,
				3,
				7.6,
				3,
				1,
				7.822,
				3,
				8.044,
				-1,
				8.267,
				-1,
				1,
				8.956,
				-1,
				9.644,
				0,
				10.333,
				0,
				1,
				12.644,
				0,
				14.956,
				0,
				17.267,
				0,
				0,
				21.933,
				0
			]
		},
		{
			"Target": "Parameter",
			"Id": "ParamAngleZ",
			"Segments": [
				0,
				0,
				1,
				3.422,
				0,
				6.844,
				0,
				10.267,
				0,
				1,
				10.356,
				0,
				10.444,
				-3,
				10.533,
				-3,
				1,
				12.778,
				-3,
				15.022,
				0,
				17.267,
				0,
				0,
				21.933,
				0
			]
		},
		{
			"Target": "Parameter",
			"Id": "ParamEyeLOpen",
			"Segments": [
				0,
				0,
				0,
				2.333,
				0,
				1,
				2.544,
				0,
				2.756,
				1.002,
				2.967,
				1,
				0,
				4.1,
				1,
				1,
				4.211,
				0.996,
				4.322,
				0.004,
				4.433,
				0,
				1,
				4.5,
				0,
				4.567,
				1.008,
				4.633,
				1,
				0,
				6.133,
				1,
				1,
				6.267,
				0.996,
				6.4,
				0.004,
				6.533,
				0,
				1,
				6.633,
				0.004,
				6.733,
				0.996,
				6.833,
				1,
				0,
				8.367,
				1,
				1,
				8.5,
				0.996,
				8.633,
				0.004,
				8.767,
				0,
				1,
				8.867,
				0.004,
				8.967,
				0.896,
				9.067,
				0.9,
				0,
				9.1,
				0.9,
				3,
				9.133,
				0.9,
				3,
				9.167,
				0.9,
				0,
				9.233,
				0.9,
				0,
				9.267,
				0.9,
				0,
				9.3,
				0.9,
				0,
				9.333,
				0.9,
				2,
				9.367,
				0.9,
				3,
				9.4,
				0.9,
				0,
				9.467,
				0.9,
				0,
				9.5,
				0.9,
				3,
				9.533,
				0.9,
				0,
				9.567,
				0.9,
				2,
				9.6,
				0.9,
				0,
				9.633,
				0.9,
				0,
				9.7,
				0.9,
				2,
				9.733,
				0.9,
				0,
				9.8,
				0.9,
				0,
				9.833,
				0.9,
				2,
				9.867,
				0.9,
				0,
				9.933,
				0.9,
				0,
				9.967,
				0.9,
				0,
				10,
				0.9,
				0,
				10.033,
				0.9,
				0,
				10.067,
				0.9,
				0,
				10.1,
				0.9,
				3,
				10.133,
				0.9,
				0,
				10.167,
				0.9,
				0,
				10.2,
				0.9,
				3,
				10.233,
				0.9,
				0,
				10.3,
				0.9,
				0,
				10.333,
				0.9,
				3,
				10.367,
				0.9,
				0,
				10.4,
				0.9,
				1,
				10.478,
				0.907,
				10.556,
				0,
				10.633,
				0,
				1,
				10.711,
				0,
				10.789,
				1.008,
				10.867,
				1,
				0,
				13.733,
				1,
				1,
				13.9,
				0.996,
				14.067,
				0.004,
				14.233,
				0,
				1,
				14.322,
				0,
				14.411,
				0.256,
				14.5,
				0.495,
				1,
				14.544,
				0.614,
				14.589,
				0.729,
				14.633,
				0.806,
				1,
				14.678,
				0.887,
				14.722,
				0.911,
				14.767,
				0.9,
				0,
				14.8,
				0.9,
				0,
				14.833,
				0.9,
				0,
				14.867,
				0.9,
				2,
				14.9,
				0.9,
				3,
				14.933,
				0.9,
				0,
				14.967,
				0.9,
				0,
				15,
				0.9,
				3,
				15.033,
				0.9,
				0,
				15.067,
				0.9,
				0,
				15.1,
				0.9,
				0,
				15.133,
				0.9,
				0,
				15.2,
				0.9,
				0,
				15.267,
				0.9,
				0,
				15.333,
				0.9,
				0,
				15.367,
				0.9,
				0,
				15.4,
				0.9,
				0,
				15.433,
				0.9,
				0,
				15.467,
				0.9,
				0,
				15.5,
				0.9,
				0,
				15.533,
				0.9,
				0,
				15.567,
				0.9,
				0,
				15.6,
				0.9,
				0,
				15.633,
				0.9,
				0,
				15.667,
				0.9,
				0,
				15.7,
				0.9,
				0,
				15.767,
				0.9,
				0,
				15.8,
				0.9,
				0,
				15.833,
				0.9,
				0,
				15.867,
				0.9,
				0,
				15.9,
				0.9,
				3,
				15.933,
				0.9,
				0,
				15.967,
				0.9,
				2,
				16,
				0.9,
				3,
				16.033,
				0.9,
				0,
				16.1,
				0.9,
				0,
				16.133,
				0.9,
				3,
				16.167,
				0.9,
				0,
				16.233,
				0.9,
				2,
				16.267,
				0.9,
				3,
				16.3,
				0.9,
				0,
				16.533,
				0.9,
				2,
				16.567,
				0.9,
				0,
				16.6,
				0.9,
				0,
				16.633,
				0.9,
				0,
				16.667,
				0.9,
				2,
				16.7,
				0.9,
				3,
				16.733,
				0.9,
				0,
				16.967,
				0.9,
				2,
				17,
				0.9,
				3,
				17.033,
				0.9,
				0,
				17.1,
				0.9,
				0,
				17.133,
				0.9,
				0,
				17.2,
				0.9,
				0,
				17.267,
				0.9,
				0,
				17.333,
				0.9,
				3,
				17.367,
				0.9,
				0,
				17.433,
				0.9,
				2,
				17.467,
				0.9,
				0,
				17.5,
				0.9,
				0,
				17.533,
				0.9,
				2,
				17.567,
				0.9,
				0,
				17.6,
				0.9,
				0,
				17.633,
				0.9,
				0,
				17.667,
				0.9,
				0,
				17.7,
				0.9,
				0,
				17.767,
				0.9,
				0,
				17.8,
				0.9,
				0,
				17.833,
				0.9,
				0,
				17.867,
				0.9,
				2,
				17.9,
				0.9,
				3,
				17.933,
				0.9,
				0,
				17.967,
				0.9,
				2,
				18,
				0.9,
				3,
				18.033,
				0.9,
				0,
				18.067,
				0.9,
				0,
				18.1,
				0.9,
				0,
				18.133,
				0.9,
				0,
				18.2,
				0.9,
				0,
				18.233,
				0.9,
				0,
				18.267,
				0.9,
				0,
				18.3,
				0.9,
				0,
				18.333,
				0.9,
				3,
				18.367,
				0.9,
				0,
				18.4,
				0.9,
				0,
				18.433,
				0.9,
				3,
				18.467,
				0.9,
				0,
				18.533,
				0.9,
				2,
				18.567,
				0.9,
				0,
				18.633,
				0.9,
				0,
				18.7,
				0.9,
				0,
				18.767,
				0.9,
				0,
				18.8,
				0.9,
				0,
				18.867,
				0.9,
				2,
				18.9,
				0.9,
				3,
				18.933,
				0.9,
				0,
				18.967,
				0.9,
				2,
				19,
				0.9,
				3,
				19.033,
				0.9,
				0,
				19.067,
				0.9,
				0,
				19.1,
				0.9,
				0,
				19.133,
				0.9,
				0,
				19.2,
				0.9,
				0,
				19.267,
				0.9,
				0,
				19.3,
				0.9,
				0,
				19.333,
				0.9,
				0,
				19.4,
				0.9,
				0,
				19.433,
				0.9,
				0,
				19.467,
				0.9,
				0,
				19.5,
				0.9,
				0,
				19.533,
				0.9,
				0,
				19.567,
				0.9,
				0,
				19.6,
				0.9,
				0,
				19.633,
				0.9,
				0,
				19.667,
				0.9,
				0,
				19.7,
				0.9,
				0,
				19.767,
				0.9,
				0,
				19.8,
				0.9,
				2,
				19.833,
				0.9,
				3,
				19.867,
				0.9,
				0,
				19.933,
				0.9,
				2,
				19.967,
				0.9,
				0,
				20,
				0.9,
				0,
				20.067,
				0.9,
				2,
				20.1,
				0.9,
				3,
				20.133,
				0.9,
				0,
				20.167,
				0.9,
				2,
				20.2,
				0.9,
				0,
				20.233,
				0.9,
				0,
				20.267,
				0.9,
				0,
				20.3,
				0.9,
				0,
				20.333,
				0.9,
				3,
				20.367,
				0.9,
				0,
				20.4,
				0.9,
				0,
				20.433,
				0.9,
				3,
				20.467,
				0.9,
				0,
				20.533,
				0.9,
				0,
				20.567,
				0.9,
				0,
				20.6,
				0.9,
				0,
				20.667,
				0.9,
				2,
				20.7,
				0.9,
				3,
				20.733,
				0.9,
				0,
				20.8,
				0.9,
				2,
				20.833,
				0.9,
				3,
				20.867,
				0.9,
				0,
				20.933,
				0.9,
				0,
				20.967,
				0.9,
				0,
				21,
				0.9,
				0,
				21.033,
				0.9,
				0,
				21.367,
				0.9,
				1,
				21.456,
				0.9,
				21.544,
				1,
				21.633,
				1,
				0,
				21.933,
				1
			]
		},
		{
			"Target": "Parameter",
			"Id": "ParamEyeLSmile",
			"Segments": [
				0,
				0,
				1,
				0.778,
				0,
				1.556,
				0,
				2.333,
				0,
				1,
				4.578,
				0,
				6.822,
				0.5,
				9.067,
				0.5,
				1,
				9.511,
				0.5,
				9.956,
				0.5,
				10.4,
				0.5,
				1,
				10.478,
				0.5,
				10.556,
				0,
				10.633,
				0,
				1,
				10.711,
				0,
				10.789,
				0,
				10.867,
				0,
				1,
				11.822,
				0,
				12.778,
				0,
				13.733,
				0,
				1,
				13.9,
				0,
				14.067,
				0.42,
				14.233,
				0.7,
				1,
				14.4,
				0.98,
				14.567,
				1,
				14.733,
				1,
				1,
				16.944,
				1,
				19.156,
				1,
				21.367,
				1,
				1,
				21.456,
				1,
				21.544,
				0,
				21.633,
				0,
				0,
				21.933,
				0
			]
		},
		{
			"Target": "Parameter",
			"Id": "ParamEyeROpen",
			"Segments": [
				0,
				0,
				0,
				2.333,
				0,
				1,
				2.544,
				0,
				2.756,
				1.002,
				2.967,
				1,
				0,
				4.1,
				1,
				1,
				4.211,
				0.996,
				4.322,
				0.004,
				4.433,
				0,
				1,
				4.5,
				0,
				4.567,
				1.008,
				4.633,
				1,
				0,
				6.133,
				1,
				1,
				6.267,
				0.996,
				6.4,
				0.004,
				6.533,
				0,
				1,
				6.633,
				0.004,
				6.733,
				0.996,
				6.833,
				1,
				0,
				8.367,
				1,
				1,
				8.5,
				0.996,
				8.633,
				0.004,
				8.767,
				0,
				1,
				8.867,
				0.004,
				8.967,
				0.896,
				9.067,
				0.9,
				0,
				9.1,
				0.9,
				3,
				9.133,
				0.9,
				3,
				9.167,
				0.9,
				0,
				9.233,
				0.9,
				0,
				9.267,
				0.9,
				0,
				9.3,
				0.9,
				0,
				9.333,
				0.9,
				2,
				9.367,
				0.9,
				3,
				9.4,
				0.9,
				0,
				9.467,
				0.9,
				0,
				9.5,
				0.9,
				3,
				9.533,
				0.9,
				0,
				9.567,
				0.9,
				2,
				9.6,
				0.9,
				0,
				9.633,
				0.9,
				0,
				9.7,
				0.9,
				2,
				9.733,
				0.9,
				0,
				9.8,
				0.9,
				0,
				9.833,
				0.9,
				2,
				9.867,
				0.9,
				0,
				9.933,
				0.9,
				0,
				9.967,
				0.9,
				0,
				10,
				0.9,
				0,
				10.033,
				0.9,
				0,
				10.067,
				0.9,
				0,
				10.1,
				0.9,
				3,
				10.133,
				0.9,
				0,
				10.167,
				0.9,
				0,
				10.2,
				0.9,
				3,
				10.233,
				0.9,
				0,
				10.3,
				0.9,
				0,
				10.333,
				0.9,
				3,
				10.367,
				0.9,
				0,
				10.4,
				0.9,
				1,
				10.478,
				0.907,
				10.556,
				0,
				10.633,
				0,
				1,
				10.711,
				0,
				10.789,
				1.008,
				10.867,
				1,
				0,
				13.733,
				1,
				1,
				13.9,
				0.996,
				14.067,
				0.004,
				14.233,
				0,
				1,
				14.322,
				0,
				14.411,
				0.256,
				14.5,
				0.495,
				1,
				14.544,
				0.614,
				14.589,
				0.729,
				14.633,
				0.806,
				1,
				14.678,
				0.887,
				14.722,
				0.911,
				14.767,
				0.9,
				0,
				14.8,
				0.9,
				0,
				14.833,
				0.9,
				0,
				14.867,
				0.9,
				2,
				14.9,
				0.9,
				3,
				14.933,
				0.9,
				0,
				14.967,
				0.9,
				0,
				15,
				0.9,
				3,
				15.033,
				0.9,
				0,
				15.067,
				0.9,
				0,
				15.1,
				0.9,
				0,
				15.133,
				0.9,
				0,
				15.2,
				0.9,
				0,
				15.267,
				0.9,
				0,
				15.333,
				0.9,
				0,
				15.367,
				0.9,
				0,
				15.4,
				0.9,
				0,
				15.433,
				0.9,
				0,
				15.467,
				0.9,
				0,
				15.5,
				0.9,
				0,
				15.533,
				0.9,
				0,
				15.567,
				0.9,
				0,
				15.6,
				0.9,
				0,
				15.633,
				0.9,
				0,
				15.667,
				0.9,
				0,
				15.7,
				0.9,
				0,
				15.767,
				0.9,
				0,
				15.8,
				0.9,
				0,
				15.833,
				0.9,
				0,
				15.867,
				0.9,
				0,
				15.9,
				0.9,
				3,
				15.933,
				0.9,
				0,
				15.967,
				0.9,
				2,
				16,
				0.9,
				3,
				16.033,
				0.9,
				0,
				16.1,
				0.9,
				0,
				16.133,
				0.9,
				3,
				16.167,
				0.9,
				0,
				16.233,
				0.9,
				2,
				16.267,
				0.9,
				3,
				16.3,
				0.9,
				0,
				16.533,
				0.9,
				2,
				16.567,
				0.9,
				0,
				16.6,
				0.9,
				0,
				16.633,
				0.9,
				0,
				16.667,
				0.9,
				2,
				16.7,
				0.9,
				3,
				16.733,
				0.9,
				0,
				16.967,
				0.9,
				2,
				17,
				0.9,
				3,
				17.033,
				0.9,
				0,
				17.1,
				0.9,
				0,
				17.133,
				0.9,
				0,
				17.2,
				0.9,
				0,
				17.267,
				0.9,
				0,
				17.333,
				0.9,
				3,
				17.367,
				0.9,
				0,
				17.433,
				0.9,
				2,
				17.467,
				0.9,
				0,
				17.5,
				0.9,
				0,
				17.533,
				0.9,
				2,
				17.567,
				0.9,
				0,
				17.6,
				0.9,
				0,
				17.633,
				0.9,
				0,
				17.667,
				0.9,
				0,
				17.7,
				0.9,
				0,
				17.767,
				0.9,
				0,
				17.8,
				0.9,
				0,
				17.833,
				0.9,
				0,
				17.867,
				0.9,
				2,
				17.9,
				0.9,
				3,
				17.933,
				0.9,
				0,
				17.967,
				0.9,
				2,
				18,
				0.9,
				3,
				18.033,
				0.9,
				0,
				18.067,
				0.9,
				0,
				18.1,
				0.9,
				0,
				18.133,
				0.9,
				0,
				18.2,
				0.9,
				0,
				18.233,
				0.9,
				0,
				18.267,
				0.9,
				0,
				18.3,
				0.9,
				0,
				18.333,
				0.9,
				3,
				18.367,
				0.9,
				0,
				18.4,
				0.9,
				0,
				18.433,
				0.9,
				3,
				18.467,
				0.9,
				0,
				18.533,
				0.9,
				2,
				18.567,
				0.9,
				0,
				18.633,
				0.9,
				0,
				18.7,
				0.9,
				0,
				18.767,
				0.9,
				0,
				18.8,
				0.9,
				0,
				18.867,
				0.9,
				2,
				18.9,
				0.9,
				3,
				18.933,
				0.9,
				0,
				18.967,
				0.9,
				2,
				19,
				0.9,
				3,
				19.033,
				0.9,
				0,
				19.067,
				0.9,
				0,
				19.1,
				0.9,
				0,
				19.133,
				0.9,
				0,
				19.2,
				0.9,
				0,
				19.267,
				0.9,
				0,
				19.3,
				0.9,
				0,
				19.333,
				0.9,
				0,
				19.4,
				0.9,
				0,
				19.433,
				0.9,
				0,
				19.467,
				0.9,
				0,
				19.5,
				0.9,
				0,
				19.533,
				0.9,
				0,
				19.567,
				0.9,
				0,
				19.6,
				0.9,
				0,
				19.633,
				0.9,
				0,
				19.667,
				0.9,
				0,
				19.7,
				0.9,
				0,
				19.767,
				0.9,
				0,
				19.8,
				0.9,
				2,
				19.833,
				0.9,
				3,
				19.867,
				0.9,
				0,
				19.933,
				0.9,
				2,
				19.967,
				0.9,
				0,
				20,
				0.9,
				0,
				20.067,
				0.9,
				2,
				20.1,
				0.9,
				3,
				20.133,
				0.9,
				0,
				20.167,
				0.9,
				2,
				20.2,
				0.9,
				0,
				20.233,
				0.9,
				0,
				20.267,
				0.9,
				0,
				20.3,
				0.9,
				0,
				20.333,
				0.9,
				3,
				20.367,
				0.9,
				0,
				20.4,
				0.9,
				0,
				20.433,
				0.9,
				3,
				20.467,
				0.9,
				0,
				20.533,
				0.9,
				0,
				20.567,
				0.9,
				0,
				20.6,
				0.9,
				0,
				20.667,
				0.9,
				2,
				20.7,
				0.9,
				3,
				20.733,
				0.9,
				0,
				20.8,
				0.9,
				2,
				20.833,
				0.9,
				3,
				20.867,
				0.9,
				0,
				20.933,
				0.9,
				0,
				20.967,
				0.9,
				0,
				21,
				0.9,
				0,
				21.033,
				0.9,
				0,
				21.367,
				0.9,
				1,
				21.456,
				0.9,
				21.544,
				1,
				21.633,
				1,
				0,
				21.933,
				1
			]
		},
		{
			"Target": "Parameter",
			"Id": "ParamEyeRSmile",
			"Segments": [
				0,
				0,
				1,
				0.778,
				0,
				1.556,
				0,
				2.333,
				0,
				1,
				4.578,
				0,
				6.822,
				0.5,
				9.067,
				0.5,
				1,
				9.511,
				0.5,
				9.956,
				0.5,
				10.4,
				0.5,
				1,
				10.478,
				0.5,
				10.556,
				0,
				10.633,
				0,
				1,
				10.711,
				0,
				10.789,
				0,
				10.867,
				0,
				1,
				11.822,
				0,
				12.778,
				0,
				13.733,
				0,
				1,
				13.9,
				0,
				14.067,
				0.42,
				14.233,
				0.7,
				1,
				14.4,
				0.98,
				14.567,
				1,
				14.733,
				1,
				1,
				16.944,
				1,
				19.156,
				1,
				21.367,
				1,
				1,
				21.456,
				1,
				21.544,
				0,
				21.633,
				0,
				0,
				21.933,
				0
			]
		},
		{
			"Target": "Parameter",
			"Id": "ParamEyeBallX",
			"Segments": [
				0,
				0,
				1,
				0.767,
				0,
				1.533,
				0,
				2.3,
				0,
				1,
				2.522,
				0,
				2.744,
				0.1,
				2.967,
				0.1,
				1,
				3.556,
				0.1,
				4.144,
				0,
				4.733,
				0,
				0,
				21.933,
				0
			]
		},
		{
			"Target": "Parameter",
			"Id": "ParamEyeBallY",
			"Segments": [
				0,
				0,
				1,
				0.767,
				0,
				1.533,
				0,
				2.3,
				0,
				1,
				2.522,
				0,
				2.744,
				0.4,
				2.967,
				0.4,
				1,
				3.556,
				0.4,
				4.144,
				0,
				4.733,
				0,
				0,
				21.933,
				0
			]
		},
		{
			"Target": "Parameter",
			"Id": "ParamMouthForm",
			"Segments": [
				0,
				0,
				1,
				0.067,
				0,
				0.133,
				-0.154,
				0.2,
				-0.3,
				1,
				0.278,
				-0.496,
				0.356,
				-0.586,
				0.433,
				-0.591,
				1,
				0.478,
				-0.593,
				0.522,
				-0.563,
				0.567,
				-0.498,
				1,
				0.589,
				-0.467,
				0.611,
				-0.424,
				0.633,
				-0.377,
				1,
				0.667,
				-0.356,
				0.7,
				-0.1,
				0.733,
				-0.08,
				1,
				0.8,
				-0.107,
				0.867,
				-0.835,
				0.933,
				-0.84,
				1,
				0.956,
				-0.828,
				0.978,
				0.148,
				1,
				0.162,
				1,
				1.022,
				0.161,
				1.044,
				0.127,
				1.067,
				0.075,
				1,
				1.089,
				0.033,
				1.111,
				0.933,
				1.133,
				0.858,
				1,
				1.222,
				0.515,
				1.311,
				0.002,
				1.4,
				0,
				1,
				1.422,
				0.005,
				1.444,
				0.204,
				1.467,
				0.42,
				1,
				1.478,
				0.527,
				1.489,
				0.327,
				1.5,
				0.409,
				1,
				1.511,
				0.484,
				1.522,
				0.544,
				1.533,
				0.544,
				1,
				1.6,
				0.568,
				1.667,
				-0.221,
				1.733,
				-0.15,
				1,
				1.811,
				-0.076,
				1.889,
				0.001,
				1.967,
				0,
				0,
				2.4,
				0,
				1,
				2.411,
				-0.021,
				2.422,
				0.471,
				2.433,
				0.894,
				3,
				2.467,
				1,
				0,
				2.533,
				1,
				2,
				2.567,
				0.98,
				1,
				2.6,
				0.565,
				2.633,
				0.181,
				2.667,
				0.172,
				1,
				2.733,
				0.167,
				2.8,
				0.821,
				2.867,
				0.816,
				1,
				2.889,
				0.804,
				2.911,
				0.036,
				2.933,
				0.024,
				1,
				2.944,
				0.01,
				2.956,
				0.334,
				2.967,
				0.612,
				1,
				2.978,
				0.996,
				2.989,
				1,
				3,
				1,
				0,
				3.033,
				1,
				1,
				3.067,
				1,
				3.1,
				0.561,
				3.133,
				0.596,
				1,
				3.156,
				0.598,
				3.178,
				0.72,
				3.2,
				0.722,
				1,
				3.311,
				0.719,
				3.422,
				0.003,
				3.533,
				0,
				1,
				3.578,
				-0.007,
				3.622,
				0.925,
				3.667,
				0.918,
				0,
				3.733,
				0.878,
				1,
				3.756,
				0.879,
				3.778,
				0.971,
				3.8,
				0.972,
				1,
				3.867,
				0.979,
				3.933,
				0.103,
				4,
				0.11,
				1,
				4.022,
				0.113,
				4.044,
				0.279,
				4.067,
				0.282,
				1,
				4.089,
				0.279,
				4.111,
				0.121,
				4.133,
				0.118,
				1,
				4.156,
				0.128,
				4.178,
				0.728,
				4.2,
				0.738,
				1,
				4.267,
				0.743,
				4.333,
				0.043,
				4.4,
				0.048,
				0,
				4.467,
				0.07,
				1,
				4.511,
				0.071,
				4.556,
				-0.001,
				4.6,
				0,
				0,
				5.533,
				0,
				1,
				5.578,
				0,
				5.622,
				0.054,
				5.667,
				0.054,
				1,
				5.756,
				0.054,
				5.844,
				0,
				5.933,
				0,
				0,
				6.2,
				0,
				1,
				6.244,
				0.002,
				6.289,
				-0.195,
				6.333,
				-0.269,
				1,
				6.367,
				-0.446,
				6.4,
				1,
				6.433,
				1,
				0,
				6.7,
				1,
				1,
				6.711,
				1,
				6.722,
				0.94,
				6.733,
				0.956,
				3,
				6.767,
				1,
				0,
				6.833,
				1,
				2,
				6.867,
				0.875,
				1,
				6.889,
				0.498,
				6.911,
				0.151,
				6.933,
				0.142,
				1,
				6.944,
				0.126,
				6.956,
				0.508,
				6.967,
				0.836,
				3,
				7,
				1,
				0,
				7.367,
				1,
				1,
				7.378,
				1,
				7.389,
				0.956,
				7.4,
				0.926,
				1,
				7.411,
				0.92,
				7.422,
				0.974,
				7.433,
				1,
				0,
				7.6,
				1,
				1,
				7.611,
				1,
				7.622,
				0.826,
				7.633,
				0.741,
				1,
				7.644,
				0.623,
				7.656,
				0.492,
				7.667,
				0.382,
				1,
				7.689,
				0.169,
				7.711,
				-0.001,
				7.733,
				0,
				0,
				8.133,
				0,
				1,
				8.156,
				0.01,
				8.178,
				0.412,
				8.2,
				0.847,
				3,
				8.233,
				1,
				0,
				8.3,
				1,
				1,
				8.311,
				1,
				8.322,
				0.614,
				8.333,
				0.69,
				1,
				8.344,
				0.681,
				8.356,
				0.859,
				8.367,
				1,
				0,
				8.467,
				1,
				2,
				8.5,
				0.967,
				1,
				8.511,
				0.93,
				8.522,
				0.901,
				8.533,
				0.902,
				0,
				8.6,
				0.902,
				1,
				8.611,
				0.964,
				8.622,
				1,
				8.633,
				1,
				0,
				8.7,
				1,
				2,
				8.733,
				0.964,
				1,
				8.744,
				0.952,
				8.756,
				1,
				8.767,
				1,
				0,
				8.967,
				1,
				2,
				9,
				0.965,
				1,
				9.067,
				0.541,
				9.133,
				-0.005,
				9.2,
				0,
				0,
				10.467,
				0,
				1,
				10.489,
				0.011,
				10.511,
				0.454,
				10.533,
				0.933,
				3,
				10.567,
				1,
				0,
				11,
				1,
				2,
				11.033,
				0.76,
				1,
				11.044,
				0.519,
				11.056,
				0.238,
				11.067,
				0.25,
				1,
				11.089,
				0.258,
				11.111,
				0.599,
				11.133,
				0.968,
				3,
				11.167,
				1,
				0,
				11.3,
				1,
				1,
				11.333,
				0.821,
				11.367,
				0.445,
				11.4,
				0.462,
				1,
				11.422,
				0.464,
				11.444,
				0.618,
				11.467,
				0.62,
				1,
				11.489,
				0.617,
				11.511,
				0.443,
				11.533,
				0.44,
				1,
				11.567,
				0.435,
				11.6,
				0.836,
				11.633,
				1,
				0,
				11.7,
				1,
				1,
				11.733,
				0.939,
				11.767,
				0.605,
				11.8,
				0.62,
				0,
				11.867,
				0.636,
				1,
				11.933,
				0.641,
				12,
				-0.005,
				12.067,
				0,
				0,
				12.867,
				0,
				1,
				12.878,
				-0.019,
				12.889,
				0.436,
				12.9,
				0.827,
				3,
				12.933,
				1,
				2,
				12.967,
				0.968,
				1,
				12.978,
				0.644,
				12.989,
				0.266,
				13,
				0.282,
				1,
				13.011,
				0.272,
				13.022,
				0.514,
				13.033,
				0.721,
				1,
				13.044,
				1,
				13.056,
				1,
				13.067,
				1,
				1,
				13.078,
				0.975,
				13.092,
				1,
				13.1,
				0.804,
				1,
				13.111,
				0.636,
				13.122,
				0.44,
				13.133,
				0.448,
				1,
				13.178,
				0.437,
				13.222,
				1,
				13.267,
				1,
				1,
				13.311,
				1,
				13.356,
				0.755,
				13.4,
				0.51,
				1,
				13.444,
				0.258,
				13.489,
				-0.003,
				13.533,
				0,
				0,
				13.8,
				0,
				1,
				13.822,
				-0.001,
				13.844,
				0.161,
				13.867,
				0.364,
				1,
				13.889,
				0.57,
				13.911,
				0.866,
				13.933,
				1,
				0,
				14.033,
				1,
				1,
				14.044,
				1,
				14.056,
				0.945,
				14.067,
				0.926,
				1,
				14.089,
				0.927,
				14.111,
				0.96,
				14.133,
				0.996,
				3,
				14.167,
				1,
				0,
				14.2,
				1,
				1,
				14.222,
				1,
				14.244,
				0.119,
				14.267,
				0.126,
				1,
				14.278,
				0.113,
				14.289,
				0.413,
				14.3,
				0.671,
				1,
				14.309,
				1,
				14.322,
				0.996,
				14.333,
				1,
				0,
				14.367,
				1,
				1,
				14.4,
				0.782,
				14.433,
				0.118,
				14.467,
				0.134,
				1,
				14.511,
				0.129,
				14.556,
				0.805,
				14.6,
				0.8,
				1,
				14.711,
				0.803,
				14.822,
				-0.015,
				14.933,
				0.039,
				1,
				15.167,
				0.14,
				15.4,
				0.399,
				15.633,
				0.4,
				1,
				16.178,
				0.4,
				16.722,
				0,
				17.267,
				0,
				0,
				21.933,
				0
			]
		},
		{
			"Target": "Parameter",
			"Id": "ParamMouthOpenY",
			"Segments": [
				0,
				0,
				1,
				0.056,
				0,
				0.111,
				0.219,
				0.167,
				0.407,
				1,
				0.2,
				0.523,
				0.233,
				0.63,
				0.267,
				0.676,
				1,
				0.3,
				0.72,
				0.333,
				0.697,
				0.367,
				0.712,
				1,
				0.422,
				0.723,
				0.478,
				0.742,
				0.533,
				0.771,
				1,
				0.567,
				0.79,
				0.6,
				0.812,
				0.633,
				0.838,
				1,
				0.667,
				0.837,
				0.7,
				0.95,
				0.733,
				0.939,
				1,
				0.8,
				0.883,
				0.867,
				0.456,
				0.933,
				0.371,
				1,
				0.956,
				0.348,
				0.978,
				0.81,
				1,
				0.783,
				1,
				1.033,
				0.731,
				1.067,
				0.653,
				1.1,
				0.526,
				1,
				1.133,
				0.402,
				1.167,
				0.377,
				1.2,
				0.29,
				1,
				1.267,
				0.147,
				1.333,
				0,
				1.4,
				0,
				1,
				1.422,
				0.002,
				1.444,
				0.102,
				1.467,
				0.21,
				1,
				1.478,
				0.247,
				1.489,
				0.731,
				1.5,
				0.754,
				1,
				1.511,
				0.792,
				1.522,
				0.819,
				1.533,
				0.814,
				1,
				1.6,
				0.794,
				1.667,
				0.282,
				1.733,
				0.2,
				1,
				1.811,
				0.101,
				1.889,
				0,
				1.967,
				0,
				0,
				2.4,
				0,
				1,
				2.422,
				0.014,
				2.444,
				0.88,
				2.467,
				0.894,
				1,
				2.533,
				0.9,
				2.6,
				0.08,
				2.667,
				0.086,
				1,
				2.733,
				0.083,
				2.8,
				0.411,
				2.867,
				0.408,
				1,
				2.889,
				0.402,
				2.911,
				0.018,
				2.933,
				0.012,
				1,
				2.956,
				0.021,
				2.978,
				0.591,
				3,
				0.6,
				1,
				3.044,
				0.602,
				3.089,
				0.296,
				3.133,
				0.298,
				1,
				3.156,
				0.299,
				3.178,
				0.36,
				3.2,
				0.361,
				1,
				3.311,
				0.36,
				3.422,
				0.001,
				3.533,
				0,
				1,
				3.578,
				0,
				3.622,
				0.463,
				3.667,
				0.459,
				0,
				3.733,
				0.439,
				0,
				3.8,
				0.486,
				1,
				3.867,
				0.489,
				3.933,
				0.052,
				4,
				0.055,
				1,
				4.022,
				0.056,
				4.044,
				0.14,
				4.067,
				0.141,
				1,
				4.089,
				0.14,
				4.111,
				0.06,
				4.133,
				0.059,
				1,
				4.156,
				0.064,
				4.178,
				0.364,
				4.2,
				0.369,
				1,
				4.267,
				0.372,
				4.333,
				0.021,
				4.4,
				0.024,
				0,
				4.467,
				0.035,
				0,
				4.6,
				0,
				0,
				5.533,
				0,
				0,
				5.667,
				0.027,
				0,
				5.933,
				0,
				0,
				6.2,
				0,
				1,
				6.233,
				0.001,
				6.267,
				0.176,
				6.3,
				0.325,
				1,
				6.333,
				0.419,
				6.367,
				0.586,
				6.4,
				0.953,
				3,
				6.433,
				1,
				0,
				6.5,
				1,
				1,
				6.533,
				0.784,
				6.567,
				0.835,
				6.6,
				0.805,
				1,
				6.644,
				0.768,
				6.689,
				0.483,
				6.733,
				0.478,
				1,
				6.756,
				0.483,
				6.778,
				0.799,
				6.8,
				0.804,
				1,
				6.844,
				0.81,
				6.889,
				0.065,
				6.933,
				0.071,
				1,
				6.956,
				0.082,
				6.978,
				0.754,
				7,
				0.765,
				1,
				7.022,
				0.763,
				7.044,
				0.637,
				7.067,
				0.635,
				1,
				7.089,
				0.637,
				7.111,
				0.782,
				7.133,
				0.784,
				1,
				7.178,
				0.785,
				7.222,
				0.638,
				7.267,
				0.639,
				1,
				7.289,
				0.64,
				7.311,
				0.732,
				7.333,
				0.733,
				1,
				7.356,
				0.729,
				7.378,
				0.467,
				7.4,
				0.463,
				1,
				7.444,
				0.461,
				7.489,
				0.743,
				7.533,
				0.741,
				1,
				7.6,
				0.747,
				7.667,
				0,
				7.733,
				0,
				0,
				8.133,
				0,
				1,
				8.178,
				0,
				8.222,
				0.854,
				8.267,
				0.847,
				1,
				8.289,
				0.839,
				8.311,
				0.353,
				8.333,
				0.345,
				1,
				8.356,
				0.35,
				8.378,
				0.654,
				8.4,
				0.659,
				1,
				8.444,
				0.661,
				8.489,
				0.449,
				8.533,
				0.451,
				0,
				8.6,
				0.451,
				1,
				8.622,
				0.457,
				8.644,
				0.853,
				8.667,
				0.859,
				1,
				8.689,
				0.853,
				8.711,
				0.488,
				8.733,
				0.482,
				1,
				8.778,
				0.48,
				8.822,
				0.747,
				8.867,
				0.745,
				1,
				8.978,
				0.742,
				9.089,
				0.003,
				9.2,
				0,
				0,
				10.467,
				0,
				1,
				10.511,
				0,
				10.556,
				0.94,
				10.6,
				0.933,
				1,
				10.711,
				0.932,
				10.822,
				0.554,
				10.933,
				0.553,
				1,
				10.956,
				0.554,
				10.978,
				0.634,
				11,
				0.635,
				1,
				11.022,
				0.627,
				11.044,
				0.133,
				11.067,
				0.125,
				1,
				11.111,
				0.119,
				11.156,
				0.849,
				11.2,
				0.843,
				1,
				11.267,
				0.848,
				11.333,
				0.226,
				11.4,
				0.231,
				1,
				11.422,
				0.232,
				11.444,
				0.309,
				11.467,
				0.31,
				1,
				11.489,
				0.309,
				11.511,
				0.221,
				11.533,
				0.22,
				1,
				11.578,
				0.217,
				11.622,
				0.564,
				11.667,
				0.561,
				1,
				11.711,
				0.563,
				11.756,
				0.308,
				11.8,
				0.31,
				0,
				11.867,
				0.318,
				1,
				11.933,
				0.32,
				12,
				0,
				12.067,
				0,
				0,
				12.867,
				0,
				1,
				12.889,
				0.013,
				12.911,
				0.814,
				12.933,
				0.827,
				1,
				12.956,
				0.816,
				12.978,
				0.152,
				13,
				0.141,
				1,
				13.022,
				0.148,
				13.044,
				0.573,
				13.067,
				0.58,
				1,
				13.089,
				0.574,
				13.111,
				0.23,
				13.133,
				0.224,
				1,
				13.178,
				0.222,
				13.222,
				0.512,
				13.267,
				0.51,
				1,
				13.356,
				0.508,
				13.444,
				0.002,
				13.533,
				0,
				0,
				13.8,
				0,
				1,
				13.867,
				0,
				13.933,
				0.712,
				14,
				0.706,
				1,
				14.022,
				0.702,
				14.044,
				0.467,
				14.067,
				0.463,
				1,
				14.111,
				0.462,
				14.156,
				0.534,
				14.2,
				0.533,
				1,
				14.222,
				0.526,
				14.244,
				0.07,
				14.267,
				0.063,
				1,
				14.289,
				0.072,
				14.311,
				0.599,
				14.333,
				0.608,
				1,
				14.378,
				0.612,
				14.422,
				0.063,
				14.467,
				0.067,
				1,
				14.511,
				0.064,
				14.556,
				0.403,
				14.6,
				0.4,
				1,
				14.711,
				0.398,
				14.822,
				0.002,
				14.933,
				0,
				0,
				21.933,
				0
			]
		},
		{
			"Target": "Parameter",
			"Id": "ParamHairFront",
			"Segments": [
				0,
				0,
				1,
				0.111,
				0,
				0.222,
				1.883,
				0.333,
				1.883,
				1,
				0.567,
				1.883,
				0.8,
				-0.951,
				1.033,
				-0.951,
				1,
				1.133,
				-0.951,
				1.233,
				-0.27,
				1.333,
				-0.27,
				1,
				1.467,
				-0.27,
				1.6,
				-0.7,
				1.733,
				-0.7,
				1,
				1.833,
				-0.7,
				1.933,
				-0.608,
				2.033,
				-0.608,
				1,
				2.044,
				-0.608,
				2.056,
				-0.613,
				2.067,
				-0.613,
				1,
				2.111,
				-0.613,
				2.156,
				-0.604,
				2.2,
				-0.604,
				1,
				2.211,
				-0.604,
				2.222,
				-0.612,
				2.233,
				-0.612,
				1,
				2.778,
				-0.612,
				3.322,
				1.035,
				3.867,
				1.035,
				1,
				4.133,
				1.035,
				4.4,
				-0.308,
				4.667,
				-0.308,
				1,
				4.789,
				-0.308,
				4.911,
				0.106,
				5.033,
				0.106,
				1,
				5.156,
				0.106,
				5.278,
				0.026,
				5.4,
				0.026,
				1,
				5.489,
				0.026,
				5.578,
				0.032,
				5.667,
				0.032,
				1,
				5.678,
				0.032,
				5.689,
				0.032,
				5.7,
				0.032,
				1,
				6.433,
				0.032,
				7.167,
				-0.441,
				7.9,
				-0.441,
				1,
				8.044,
				-0.441,
				8.189,
				0.203,
				8.333,
				0.203,
				1,
				8.456,
				0.203,
				8.578,
				-0.118,
				8.7,
				-0.118,
				1,
				8.822,
				-0.118,
				8.944,
				0.011,
				9.067,
				0.011,
				1,
				9.167,
				0.011,
				9.267,
				-0.021,
				9.367,
				-0.021,
				1,
				9.378,
				-0.021,
				9.389,
				-0.021,
				9.4,
				-0.021,
				1,
				9.522,
				-0.021,
				9.644,
				0.066,
				9.767,
				0.066,
				1,
				9.956,
				0.066,
				10.144,
				0,
				10.333,
				0,
				1,
				10.367,
				0,
				10.4,
				0,
				10.433,
				0,
				1,
				10.544,
				0,
				10.656,
				-1.01,
				10.767,
				-1.01,
				1,
				10.878,
				-1.01,
				10.989,
				-0.619,
				11.1,
				-0.619,
				1,
				11.211,
				-0.619,
				11.322,
				-0.729,
				11.433,
				-0.729,
				1,
				12.944,
				-0.729,
				14.456,
				0,
				15.967,
				0,
				1,
				17.133,
				0,
				18.3,
				0,
				19.467,
				0,
				0,
				21.933,
				0
			]
		},
		{
			"Target": "Parameter",
			"Id": "Param5",
			"Segments": [
				0,
				0,
				1,
				0.056,
				0,
				0.111,
				-0.822,
				0.167,
				-0.822,
				1,
				0.3,
				-0.822,
				0.433,
				1.782,
				0.567,
				1.782,
				1,
				0.789,
				1.782,
				1.011,
				-0.689,
				1.233,
				-0.689,
				1,
				1.333,
				-0.689,
				1.433,
				-0.081,
				1.533,
				-0.081,
				1,
				1.678,
				-0.081,
				1.822,
				-0.647,
				1.967,
				-0.647,
				1,
				2.056,
				-0.647,
				2.144,
				-0.571,
				2.233,
				-0.571,
				1,
				2.333,
				-0.571,
				2.433,
				-0.787,
				2.533,
				-0.787,
				1,
				2.867,
				-0.787,
				3.2,
				-0.186,
				3.533,
				-0.186,
				1,
				3.567,
				-0.186,
				3.6,
				-0.232,
				3.633,
				-0.232,
				1,
				3.789,
				-0.232,
				3.944,
				0.922,
				4.1,
				0.922,
				1,
				4.367,
				0.922,
				4.633,
				-0.202,
				4.9,
				-0.202,
				1,
				5,
				-0.202,
				5.1,
				0.139,
				5.2,
				0.139,
				1,
				5.322,
				0.139,
				5.444,
				0.02,
				5.567,
				0.02,
				1,
				5.667,
				0.02,
				5.767,
				0.041,
				5.867,
				0.041,
				1,
				6.444,
				0.041,
				7.022,
				0.003,
				7.6,
				0.003,
				1,
				7.656,
				0.003,
				7.711,
				0.154,
				7.767,
				0.154,
				1,
				7.9,
				0.154,
				8.033,
				-0.483,
				8.167,
				-0.483,
				1,
				8.3,
				-0.483,
				8.433,
				0.193,
				8.567,
				0.193,
				1,
				8.678,
				0.193,
				8.789,
				-0.15,
				8.9,
				-0.15,
				1,
				9.022,
				-0.15,
				9.144,
				0.015,
				9.267,
				0.015,
				1,
				9.367,
				0.015,
				9.467,
				-0.033,
				9.567,
				-0.033,
				1,
				9.622,
				-0.033,
				9.678,
				-0.02,
				9.733,
				-0.02,
				1,
				9.744,
				-0.02,
				9.756,
				-0.155,
				9.767,
				-0.155,
				1,
				9.956,
				-0.155,
				10.144,
				0,
				10.333,
				0,
				1,
				10.367,
				0,
				10.4,
				0,
				10.433,
				0,
				1,
				10.5,
				0,
				10.567,
				0.517,
				10.633,
				0.517,
				1,
				10.744,
				0.517,
				10.856,
				-0.305,
				10.967,
				-0.305,
				1,
				11.078,
				-0.305,
				11.189,
				0.12,
				11.3,
				0.12,
				1,
				11.422,
				0.12,
				11.544,
				-0.058,
				11.667,
				-0.058,
				1,
				11.778,
				-0.058,
				11.889,
				0.006,
				12,
				0.006,
				1,
				12.122,
				0.006,
				12.244,
				-0.02,
				12.367,
				-0.02,
				1,
				12.478,
				-0.02,
				12.589,
				-0.013,
				12.7,
				-0.013,
				1,
				12.822,
				-0.013,
				12.944,
				-0.017,
				13.067,
				-0.017,
				1,
				13.089,
				-0.017,
				13.111,
				-0.017,
				13.133,
				-0.017,
				1,
				13.178,
				-0.017,
				13.222,
				-0.017,
				13.267,
				-0.017,
				1,
				13.278,
				-0.017,
				13.289,
				-0.017,
				13.3,
				-0.017,
				1,
				13.311,
				-0.017,
				13.322,
				-0.016,
				13.333,
				-0.016,
				1,
				13.356,
				-0.016,
				13.378,
				-0.016,
				13.4,
				-0.016,
				1,
				13.422,
				-0.016,
				13.444,
				-0.017,
				13.467,
				-0.017,
				1,
				13.478,
				-0.017,
				13.489,
				-0.017,
				13.5,
				-0.017,
				1,
				13.544,
				-0.017,
				13.589,
				-0.017,
				13.633,
				-0.017,
				1,
				13.644,
				-0.017,
				13.656,
				-0.017,
				13.667,
				-0.017,
				1,
				13.678,
				-0.017,
				13.689,
				-0.017,
				13.7,
				-0.017,
				1,
				13.789,
				-0.017,
				13.878,
				-0.017,
				13.967,
				-0.017,
				1,
				13.978,
				-0.017,
				13.989,
				-0.017,
				14,
				-0.017,
				1,
				14.033,
				-0.017,
				14.067,
				-0.017,
				14.1,
				-0.017,
				1,
				14.111,
				-0.017,
				14.122,
				-0.017,
				14.133,
				-0.017,
				1,
				14.167,
				-0.017,
				14.2,
				-0.017,
				14.233,
				-0.017,
				1,
				14.244,
				-0.017,
				14.256,
				-0.017,
				14.267,
				-0.017,
				1,
				14.289,
				-0.017,
				14.311,
				-0.017,
				14.333,
				-0.017,
				1,
				14.344,
				-0.017,
				14.356,
				-0.017,
				14.367,
				-0.017,
				1,
				14.378,
				-0.017,
				14.389,
				-0.017,
				14.4,
				-0.017,
				1,
				14.411,
				-0.017,
				14.422,
				-0.017,
				14.433,
				-0.017,
				1,
				14.444,
				-0.017,
				14.456,
				-0.017,
				14.467,
				-0.017,
				1,
				14.489,
				-0.017,
				14.511,
				-0.016,
				14.533,
				-0.016,
				1,
				14.544,
				-0.016,
				14.556,
				-0.016,
				14.567,
				-0.016,
				1,
				14.589,
				-0.016,
				14.611,
				-0.016,
				14.633,
				-0.016,
				1,
				14.644,
				-0.016,
				14.656,
				-0.016,
				14.667,
				-0.016,
				1,
				15.089,
				-0.016,
				15.511,
				-0.011,
				15.933,
				-0.011,
				1,
				15.944,
				-0.011,
				15.956,
				-0.153,
				15.967,
				-0.153,
				1,
				16,
				-0.153,
				16.033,
				0,
				16.067,
				0,
				1,
				17.2,
				0,
				18.333,
				0,
				19.467,
				0,
				0,
				21.933,
				0
			]
		},
		{
			"Target": "Parameter",
			"Id": "ParamHairSide",
			"Segments": [
				0,
				0,
				1,
				0.111,
				0,
				0.222,
				1.614,
				0.333,
				1.614,
				1,
				0.567,
				1.614,
				0.8,
				-0.815,
				1.033,
				-0.815,
				1,
				1.133,
				-0.815,
				1.233,
				-0.232,
				1.333,
				-0.232,
				1,
				1.467,
				-0.232,
				1.6,
				-0.6,
				1.733,
				-0.6,
				1,
				1.833,
				-0.6,
				1.933,
				-0.521,
				2.033,
				-0.521,
				1,
				2.044,
				-0.521,
				2.056,
				-0.525,
				2.067,
				-0.525,
				1,
				2.111,
				-0.525,
				2.156,
				-0.517,
				2.2,
				-0.517,
				1,
				2.211,
				-0.517,
				2.222,
				-0.524,
				2.233,
				-0.524,
				1,
				2.778,
				-0.524,
				3.322,
				0.887,
				3.867,
				0.887,
				1,
				4.133,
				0.887,
				4.4,
				-0.264,
				4.667,
				-0.264,
				1,
				4.789,
				-0.264,
				4.911,
				0.091,
				5.033,
				0.091,
				1,
				5.156,
				0.091,
				5.278,
				0.022,
				5.4,
				0.022,
				1,
				5.489,
				0.022,
				5.578,
				0.027,
				5.667,
				0.027,
				1,
				5.678,
				0.027,
				5.689,
				0.027,
				5.7,
				0.027,
				1,
				6.433,
				0.027,
				7.167,
				-0.378,
				7.9,
				-0.378,
				1,
				8.044,
				-0.378,
				8.189,
				0.174,
				8.333,
				0.174,
				1,
				8.456,
				0.174,
				8.578,
				-0.101,
				8.7,
				-0.101,
				1,
				8.822,
				-0.101,
				8.944,
				0.01,
				9.067,
				0.01,
				1,
				9.167,
				0.01,
				9.267,
				-0.018,
				9.367,
				-0.018,
				1,
				9.378,
				-0.018,
				9.389,
				-0.018,
				9.4,
				-0.018,
				1,
				9.522,
				-0.018,
				9.644,
				0.057,
				9.767,
				0.057,
				1,
				9.956,
				0.057,
				10.144,
				0,
				10.333,
				0,
				1,
				10.367,
				0,
				10.4,
				0,
				10.433,
				0,
				1,
				10.544,
				0,
				10.656,
				-0.866,
				10.767,
				-0.866,
				1,
				10.878,
				-0.866,
				10.989,
				-0.53,
				11.1,
				-0.53,
				1,
				11.211,
				-0.53,
				11.322,
				-0.625,
				11.433,
				-0.625,
				1,
				12.944,
				-0.625,
				14.456,
				0,
				15.967,
				0,
				1,
				17.133,
				0,
				18.3,
				0,
				19.467,
				0,
				0,
				21.933,
				0
			]
		},
		{
			"Target": "Parameter",
			"Id": "Param3",
			"Segments": [
				0,
				0,
				1,
				0.056,
				0,
				0.111,
				-0.704,
				0.167,
				-0.704,
				1,
				0.3,
				-0.704,
				0.433,
				1.527,
				0.567,
				1.527,
				1,
				0.789,
				1.527,
				1.011,
				-0.591,
				1.233,
				-0.591,
				1,
				1.333,
				-0.591,
				1.433,
				-0.07,
				1.533,
				-0.07,
				1,
				1.678,
				-0.07,
				1.822,
				-0.554,
				1.967,
				-0.554,
				1,
				2.056,
				-0.554,
				2.144,
				-0.489,
				2.233,
				-0.489,
				1,
				2.333,
				-0.489,
				2.433,
				-0.674,
				2.533,
				-0.674,
				1,
				2.867,
				-0.674,
				3.2,
				-0.16,
				3.533,
				-0.16,
				1,
				3.567,
				-0.16,
				3.6,
				-0.199,
				3.633,
				-0.199,
				1,
				3.789,
				-0.199,
				3.944,
				0.791,
				4.1,
				0.791,
				1,
				4.367,
				0.791,
				4.633,
				-0.173,
				4.9,
				-0.173,
				1,
				5,
				-0.173,
				5.1,
				0.119,
				5.2,
				0.119,
				1,
				5.322,
				0.119,
				5.444,
				0.017,
				5.567,
				0.017,
				1,
				5.667,
				0.017,
				5.767,
				0.035,
				5.867,
				0.035,
				1,
				6.033,
				0.035,
				6.2,
				0.019,
				6.367,
				0.019,
				1,
				6.378,
				0.019,
				6.389,
				0.019,
				6.4,
				0.019,
				1,
				6.8,
				0.019,
				7.2,
				0.002,
				7.6,
				0.002,
				1,
				7.656,
				0.002,
				7.711,
				0.132,
				7.767,
				0.132,
				1,
				7.9,
				0.132,
				8.033,
				-0.414,
				8.167,
				-0.414,
				1,
				8.3,
				-0.414,
				8.433,
				0.165,
				8.567,
				0.165,
				1,
				8.678,
				0.165,
				8.789,
				-0.128,
				8.9,
				-0.128,
				1,
				9.022,
				-0.128,
				9.144,
				0.013,
				9.267,
				0.013,
				1,
				9.367,
				0.013,
				9.467,
				-0.028,
				9.567,
				-0.028,
				1,
				9.622,
				-0.028,
				9.678,
				-0.017,
				9.733,
				-0.017,
				1,
				9.744,
				-0.017,
				9.756,
				-0.133,
				9.767,
				-0.133,
				1,
				9.956,
				-0.133,
				10.144,
				0,
				10.333,
				0,
				1,
				10.367,
				0,
				10.4,
				0,
				10.433,
				0,
				1,
				10.5,
				0,
				10.567,
				0.443,
				10.633,
				0.443,
				1,
				10.744,
				0.443,
				10.856,
				-0.262,
				10.967,
				-0.262,
				1,
				11.078,
				-0.262,
				11.189,
				0.103,
				11.3,
				0.103,
				1,
				11.422,
				0.103,
				11.544,
				-0.05,
				11.667,
				-0.05,
				1,
				11.778,
				-0.05,
				11.889,
				0.005,
				12,
				0.005,
				1,
				12.122,
				0.005,
				12.244,
				-0.017,
				12.367,
				-0.017,
				1,
				12.478,
				-0.017,
				12.589,
				-0.011,
				12.7,
				-0.011,
				1,
				12.833,
				-0.011,
				12.967,
				-0.015,
				13.1,
				-0.015,
				1,
				13.111,
				-0.015,
				13.122,
				-0.015,
				13.133,
				-0.015,
				1,
				13.167,
				-0.015,
				13.2,
				-0.014,
				13.233,
				-0.014,
				1,
				13.244,
				-0.014,
				13.256,
				-0.014,
				13.267,
				-0.014,
				1,
				13.278,
				-0.014,
				13.289,
				-0.014,
				13.3,
				-0.014,
				1,
				13.344,
				-0.014,
				13.389,
				-0.014,
				13.433,
				-0.014,
				1,
				13.456,
				-0.014,
				13.478,
				-0.014,
				13.5,
				-0.014,
				1,
				13.511,
				-0.014,
				13.522,
				-0.014,
				13.533,
				-0.014,
				1,
				13.556,
				-0.014,
				13.578,
				-0.015,
				13.6,
				-0.015,
				1,
				13.611,
				-0.015,
				13.622,
				-0.015,
				13.633,
				-0.015,
				1,
				13.656,
				-0.015,
				13.678,
				-0.015,
				13.7,
				-0.015,
				1,
				13.767,
				-0.015,
				13.833,
				-0.015,
				13.9,
				-0.015,
				1,
				13.911,
				-0.015,
				13.922,
				-0.015,
				13.933,
				-0.015,
				1,
				13.978,
				-0.015,
				14.022,
				-0.015,
				14.067,
				-0.015,
				1,
				14.078,
				-0.015,
				14.089,
				-0.015,
				14.1,
				-0.015,
				1,
				14.133,
				-0.015,
				14.167,
				-0.015,
				14.2,
				-0.015,
				1,
				14.211,
				-0.015,
				14.222,
				-0.014,
				14.233,
				-0.014,
				1,
				14.267,
				-0.014,
				14.3,
				-0.014,
				14.333,
				-0.014,
				1,
				14.344,
				-0.014,
				14.356,
				-0.014,
				14.367,
				-0.014,
				1,
				14.378,
				-0.014,
				14.389,
				-0.014,
				14.4,
				-0.014,
				1,
				14.411,
				-0.014,
				14.422,
				-0.014,
				14.433,
				-0.014,
				1,
				14.456,
				-0.014,
				14.478,
				-0.014,
				14.5,
				-0.014,
				1,
				14.522,
				-0.014,
				14.544,
				-0.014,
				14.567,
				-0.014,
				1,
				14.578,
				-0.014,
				14.589,
				-0.014,
				14.6,
				-0.014,
				1,
				14.622,
				-0.014,
				14.644,
				-0.014,
				14.667,
				-0.014,
				1,
				14.678,
				-0.014,
				14.689,
				-0.014,
				14.7,
				-0.014,
				1,
				14.733,
				-0.014,
				14.767,
				-0.013,
				14.8,
				-0.013,
				1,
				14.811,
				-0.013,
				14.822,
				-0.013,
				14.833,
				-0.013,
				1,
				15.2,
				-0.013,
				15.567,
				-0.009,
				15.933,
				-0.009,
				1,
				15.944,
				-0.009,
				15.956,
				-0.131,
				15.967,
				-0.131,
				1,
				16,
				-0.131,
				16.033,
				0,
				16.067,
				0,
				1,
				17.2,
				0,
				18.333,
				0,
				19.467,
				0,
				0,
				21.933,
				0
			]
		},
		{
			"Target": "Parameter",
			"Id": "ParamHairBack",
			"Segments": [
				0,
				0,
				1,
				0.133,
				0,
				0.267,
				0.89,
				0.4,
				0.89,
				1,
				0.622,
				0.89,
				0.844,
				-0.36,
				1.067,
				-0.36,
				1,
				1.167,
				-0.36,
				1.267,
				-0.227,
				1.367,
				-0.227,
				1,
				1.556,
				-0.227,
				1.744,
				-0.395,
				1.933,
				-0.395,
				1,
				1.967,
				-0.395,
				2,
				-0.393,
				2.033,
				-0.393,
				1,
				2.044,
				-0.393,
				2.056,
				-0.395,
				2.067,
				-0.395,
				1,
				2.111,
				-0.395,
				2.156,
				-0.386,
				2.2,
				-0.386,
				1,
				2.211,
				-0.386,
				2.222,
				-0.387,
				2.233,
				-0.387,
				1,
				2.8,
				-0.387,
				3.367,
				0.524,
				3.933,
				0.524,
				1,
				4.189,
				0.524,
				4.444,
				-0.068,
				4.7,
				-0.068,
				1,
				4.856,
				-0.068,
				5.011,
				0.035,
				5.167,
				0.035,
				1,
				5.178,
				0.035,
				5.189,
				0.035,
				5.2,
				0.035,
				1,
				5.222,
				0.035,
				5.244,
				0.035,
				5.267,
				0.035,
				1,
				6.167,
				0.035,
				7.067,
				-0.202,
				7.967,
				-0.202,
				1,
				8.111,
				-0.202,
				8.256,
				0.041,
				8.4,
				0.041,
				1,
				8.522,
				0.041,
				8.644,
				-0.038,
				8.767,
				-0.038,
				1,
				8.933,
				-0.038,
				9.1,
				-0.008,
				9.267,
				-0.008,
				1,
				9.311,
				-0.008,
				9.356,
				-0.009,
				9.4,
				-0.009,
				1,
				9.422,
				-0.009,
				9.444,
				-0.009,
				9.467,
				-0.009,
				1,
				9.578,
				-0.009,
				9.689,
				0.021,
				9.8,
				0.021,
				1,
				9.978,
				0.021,
				10.156,
				0,
				10.333,
				0,
				1,
				13.378,
				0,
				16.422,
				0,
				19.467,
				0,
				0,
				21.933,
				0
			]
		},
		{
			"Target": "Parameter",
			"Id": "Param4",
			"Segments": [
				0,
				0,
				1,
				0.067,
				0,
				0.133,
				-0.945,
				0.2,
				-0.945,
				1,
				0.311,
				-0.945,
				0.422,
				0.368,
				0.533,
				0.368,
				1,
				0.644,
				0.368,
				0.756,
				-0.301,
				0.867,
				-0.301,
				1,
				0.911,
				-0.301,
				0.956,
				-0.162,
				1,
				-0.162,
				1,
				1.056,
				-0.162,
				1.111,
				-0.292,
				1.167,
				-0.292,
				1,
				1.3,
				-0.292,
				1.433,
				0.437,
				1.567,
				0.437,
				1,
				1.689,
				0.437,
				1.811,
				0.102,
				1.933,
				0.102,
				1,
				2.056,
				0.102,
				2.178,
				0.291,
				2.3,
				0.291,
				1,
				2.378,
				0.291,
				2.456,
				0.208,
				2.533,
				0.208,
				1,
				2.544,
				0.208,
				2.556,
				0.208,
				2.567,
				0.208,
				1,
				2.622,
				0.208,
				2.678,
				0.196,
				2.733,
				0.196,
				1,
				2.744,
				0.196,
				2.756,
				0.2,
				2.767,
				0.2,
				1,
				3.089,
				0.2,
				3.411,
				-0.277,
				3.733,
				-0.277,
				1,
				3.844,
				-0.277,
				3.956,
				-0.044,
				4.067,
				-0.044,
				1,
				4.167,
				-0.044,
				4.267,
				-0.223,
				4.367,
				-0.223,
				1,
				4.456,
				-0.223,
				4.544,
				-0.023,
				4.633,
				-0.023,
				1,
				4.711,
				-0.023,
				4.789,
				-0.226,
				4.867,
				-0.226,
				1,
				4.989,
				-0.226,
				5.111,
				0.093,
				5.233,
				0.093,
				1,
				5.367,
				0.093,
				5.5,
				-0.054,
				5.633,
				-0.054,
				1,
				5.767,
				-0.054,
				5.9,
				0.002,
				6.033,
				0.002,
				1,
				6.167,
				0.002,
				6.3,
				-0.013,
				6.433,
				-0.013,
				1,
				6.589,
				-0.013,
				6.744,
				-0.003,
				6.9,
				-0.003,
				1,
				6.933,
				-0.003,
				6.967,
				-0.004,
				7,
				-0.004,
				1,
				7.022,
				-0.004,
				7.044,
				-0.004,
				7.067,
				-0.004,
				1,
				7.078,
				-0.004,
				7.089,
				-0.004,
				7.1,
				-0.004,
				1,
				7.111,
				-0.004,
				7.122,
				-0.004,
				7.133,
				-0.004,
				1,
				7.144,
				-0.004,
				7.156,
				-0.004,
				7.167,
				-0.004,
				1,
				7.389,
				-0.004,
				7.611,
				0.171,
				7.833,
				0.171,
				1,
				7.956,
				0.171,
				8.078,
				-0.121,
				8.2,
				-0.121,
				1,
				8.322,
				-0.121,
				8.444,
				0.221,
				8.567,
				0.221,
				1,
				8.689,
				0.221,
				8.811,
				-0.1,
				8.933,
				-0.1,
				1,
				9.056,
				-0.1,
				9.178,
				0.06,
				9.3,
				0.06,
				1,
				9.433,
				0.06,
				9.567,
				-0.015,
				9.7,
				-0.015,
				1,
				9.722,
				-0.015,
				9.744,
				-0.013,
				9.767,
				-0.013,
				1,
				9.778,
				-0.013,
				9.789,
				-0.104,
				9.8,
				-0.104,
				1,
				9.867,
				-0.104,
				9.933,
				0.116,
				10,
				0.116,
				1,
				10.056,
				0.116,
				10.111,
				-0.003,
				10.167,
				-0.003,
				1,
				10.222,
				-0.003,
				10.278,
				0,
				10.333,
				0,
				1,
				13.378,
				0,
				16.422,
				0,
				19.467,
				0,
				0,
				21.933,
				0
			]
		},
		{
			"Target": "Parameter",
			"Id": "Param6",
			"Segments": [
				0,
				0,
				1,
				0.044,
				0,
				0.089,
				0,
				0.133,
				0,
				1,
				0.189,
				0,
				0.244,
				-1.108,
				0.3,
				-1.108,
				1,
				0.422,
				-1.108,
				0.544,
				2.415,
				0.667,
				2.415,
				1,
				0.833,
				2.415,
				1,
				-1.304,
				1.167,
				-1.304,
				1,
				1.333,
				-1.304,
				1.5,
				0.673,
				1.667,
				0.673,
				1,
				1.8,
				0.673,
				1.933,
				-0.73,
				2.067,
				-0.73,
				1,
				2.189,
				-0.73,
				2.311,
				0.075,
				2.433,
				0.075,
				1,
				2.556,
				0.075,
				2.678,
				-0.294,
				2.8,
				-0.294,
				1,
				2.956,
				-0.294,
				3.111,
				-0.067,
				3.267,
				-0.067,
				1,
				3.278,
				-0.067,
				3.289,
				-0.067,
				3.3,
				-0.067,
				1,
				3.311,
				-0.067,
				3.322,
				-0.067,
				3.333,
				-0.067,
				1,
				3.411,
				-0.067,
				3.489,
				-0.036,
				3.567,
				-0.036,
				1,
				3.633,
				-0.036,
				3.7,
				-0.107,
				3.767,
				-0.107,
				1,
				3.911,
				-0.107,
				4.056,
				0.834,
				4.2,
				0.834,
				1,
				4.333,
				0.834,
				4.467,
				-0.197,
				4.6,
				-0.197,
				1,
				4.656,
				-0.197,
				4.711,
				-0.121,
				4.767,
				-0.121,
				1,
				4.844,
				-0.121,
				4.922,
				-0.344,
				5,
				-0.344,
				1,
				5.133,
				-0.344,
				5.267,
				0.347,
				5.4,
				0.347,
				1,
				5.533,
				0.347,
				5.667,
				-0.177,
				5.8,
				-0.177,
				1,
				5.922,
				-0.177,
				6.044,
				0.096,
				6.167,
				0.096,
				1,
				6.3,
				0.096,
				6.433,
				-0.035,
				6.567,
				-0.035,
				1,
				6.7,
				-0.035,
				6.833,
				0.019,
				6.967,
				0.019,
				1,
				7.1,
				0.019,
				7.233,
				-0.006,
				7.367,
				-0.006,
				1,
				7.544,
				-0.006,
				7.722,
				0.151,
				7.9,
				0.151,
				1,
				8.033,
				0.151,
				8.167,
				-0.539,
				8.3,
				-0.539,
				1,
				8.433,
				-0.539,
				8.567,
				0.586,
				8.7,
				0.586,
				1,
				8.822,
				0.586,
				8.944,
				-0.438,
				9.067,
				-0.438,
				1,
				9.233,
				-0.438,
				9.4,
				0.241,
				9.567,
				0.241,
				1,
				9.578,
				0.241,
				9.589,
				0.241,
				9.6,
				0.241,
				1,
				9.656,
				0.241,
				9.711,
				0.165,
				9.767,
				0.165,
				1,
				9.778,
				0.165,
				9.789,
				0.196,
				9.8,
				0.196,
				1,
				9.867,
				0.196,
				9.933,
				-0.412,
				10,
				-0.412,
				1,
				10.056,
				-0.412,
				10.111,
				0,
				10.167,
				0,
				1,
				13.267,
				0,
				16.367,
				0,
				19.467,
				0,
				0,
				21.933,
				0
			]
		},
		{
			"Target": "Parameter",
			"Id": "Param",
			"Segments": [
				0,
				0,
				1,
				0.111,
				0,
				0.222,
				1.614,
				0.333,
				1.614,
				1,
				0.567,
				1.614,
				0.8,
				-0.815,
				1.033,
				-0.815,
				1,
				1.133,
				-0.815,
				1.233,
				-0.232,
				1.333,
				-0.232,
				1,
				1.467,
				-0.232,
				1.6,
				-0.6,
				1.733,
				-0.6,
				1,
				1.833,
				-0.6,
				1.933,
				-0.521,
				2.033,
				-0.521,
				1,
				2.044,
				-0.521,
				2.056,
				-0.525,
				2.067,
				-0.525,
				1,
				2.111,
				-0.525,
				2.156,
				-0.517,
				2.2,
				-0.517,
				1,
				2.211,
				-0.517,
				2.222,
				-0.524,
				2.233,
				-0.524,
				1,
				2.778,
				-0.524,
				3.322,
				0.887,
				3.867,
				0.887,
				1,
				4.133,
				0.887,
				4.4,
				-0.264,
				4.667,
				-0.264,
				1,
				4.789,
				-0.264,
				4.911,
				0.091,
				5.033,
				0.091,
				1,
				5.156,
				0.091,
				5.278,
				0.022,
				5.4,
				0.022,
				1,
				5.489,
				0.022,
				5.578,
				0.027,
				5.667,
				0.027,
				1,
				5.678,
				0.027,
				5.689,
				0.027,
				5.7,
				0.027,
				1,
				6.433,
				0.027,
				7.167,
				-0.378,
				7.9,
				-0.378,
				1,
				8.044,
				-0.378,
				8.189,
				0.174,
				8.333,
				0.174,
				1,
				8.456,
				0.174,
				8.578,
				-0.101,
				8.7,
				-0.101,
				1,
				8.822,
				-0.101,
				8.944,
				0.01,
				9.067,
				0.01,
				1,
				9.167,
				0.01,
				9.267,
				-0.018,
				9.367,
				-0.018,
				1,
				9.378,
				-0.018,
				9.389,
				-0.018,
				9.4,
				-0.018,
				1,
				9.522,
				-0.018,
				9.644,
				0.057,
				9.767,
				0.057,
				1,
				9.956,
				0.057,
				10.144,
				0,
				10.333,
				0,
				1,
				10.367,
				0,
				10.4,
				0,
				10.433,
				0,
				1,
				10.544,
				0,
				10.656,
				-0.866,
				10.767,
				-0.866,
				1,
				10.878,
				-0.866,
				10.989,
				-0.53,
				11.1,
				-0.53,
				1,
				11.211,
				-0.53,
				11.322,
				-0.625,
				11.433,
				-0.625,
				1,
				12.944,
				-0.625,
				14.456,
				0,
				15.967,
				0,
				1,
				17.133,
				0,
				18.3,
				0,
				19.467,
				0,
				0,
				21.933,
				0
			]
		},
		{
			"Target": "Parameter",
			"Id": "Param2",
			"Segments": [
				0,
				0,
				1,
				0.056,
				0,
				0.111,
				-0.704,
				0.167,
				-0.704,
				1,
				0.3,
				-0.704,
				0.433,
				1.527,
				0.567,
				1.527,
				1,
				0.789,
				1.527,
				1.011,
				-0.591,
				1.233,
				-0.591,
				1,
				1.333,
				-0.591,
				1.433,
				-0.07,
				1.533,
				-0.07,
				1,
				1.678,
				-0.07,
				1.822,
				-0.554,
				1.967,
				-0.554,
				1,
				2.056,
				-0.554,
				2.144,
				-0.489,
				2.233,
				-0.489,
				1,
				2.333,
				-0.489,
				2.433,
				-0.674,
				2.533,
				-0.674,
				1,
				2.867,
				-0.674,
				3.2,
				-0.16,
				3.533,
				-0.16,
				1,
				3.567,
				-0.16,
				3.6,
				-0.199,
				3.633,
				-0.199,
				1,
				3.789,
				-0.199,
				3.944,
				0.791,
				4.1,
				0.791,
				1,
				4.367,
				0.791,
				4.633,
				-0.173,
				4.9,
				-0.173,
				1,
				5,
				-0.173,
				5.1,
				0.119,
				5.2,
				0.119,
				1,
				5.322,
				0.119,
				5.444,
				0.017,
				5.567,
				0.017,
				1,
				5.667,
				0.017,
				5.767,
				0.035,
				5.867,
				0.035,
				1,
				6.033,
				0.035,
				6.2,
				0.019,
				6.367,
				0.019,
				1,
				6.378,
				0.019,
				6.389,
				0.019,
				6.4,
				0.019,
				1,
				6.8,
				0.019,
				7.2,
				0.002,
				7.6,
				0.002,
				1,
				7.656,
				0.002,
				7.711,
				0.132,
				7.767,
				0.132,
				1,
				7.9,
				0.132,
				8.033,
				-0.414,
				8.167,
				-0.414,
				1,
				8.3,
				-0.414,
				8.433,
				0.165,
				8.567,
				0.165,
				1,
				8.678,
				0.165,
				8.789,
				-0.128,
				8.9,
				-0.128,
				1,
				9.022,
				-0.128,
				9.144,
				0.013,
				9.267,
				0.013,
				1,
				9.367,
				0.013,
				9.467,
				-0.028,
				9.567,
				-0.028,
				1,
				9.622,
				-0.028,
				9.678,
				-0.017,
				9.733,
				-0.017,
				1,
				9.744,
				-0.017,
				9.756,
				-0.133,
				9.767,
				-0.133,
				1,
				9.956,
				-0.133,
				10.144,
				0,
				10.333,
				0,
				1,
				10.367,
				0,
				10.4,
				0,
				10.433,
				0,
				1,
				10.5,
				0,
				10.567,
				0.443,
				10.633,
				0.443,
				1,
				10.744,
				0.443,
				10.856,
				-0.262,
				10.967,
				-0.262,
				1,
				11.078,
				-0.262,
				11.189,
				0.103,
				11.3,
				0.103,
				1,
				11.422,
				0.103,
				11.544,
				-0.05,
				11.667,
				-0.05,
				1,
				11.778,
				-0.05,
				11.889,
				0.005,
				12,
				0.005,
				1,
				12.122,
				0.005,
				12.244,
				-0.017,
				12.367,
				-0.017,
				1,
				12.478,
				-0.017,
				12.589,
				-0.011,
				12.7,
				-0.011,
				1,
				12.833,
				-0.011,
				12.967,
				-0.015,
				13.1,
				-0.015,
				1,
				13.111,
				-0.015,
				13.122,
				-0.015,
				13.133,
				-0.015,
				1,
				13.167,
				-0.015,
				13.2,
				-0.014,
				13.233,
				-0.014,
				1,
				13.244,
				-0.014,
				13.256,
				-0.014,
				13.267,
				-0.014,
				1,
				13.278,
				-0.014,
				13.289,
				-0.014,
				13.3,
				-0.014,
				1,
				13.344,
				-0.014,
				13.389,
				-0.014,
				13.433,
				-0.014,
				1,
				13.456,
				-0.014,
				13.478,
				-0.014,
				13.5,
				-0.014,
				1,
				13.511,
				-0.014,
				13.522,
				-0.014,
				13.533,
				-0.014,
				1,
				13.556,
				-0.014,
				13.578,
				-0.015,
				13.6,
				-0.015,
				1,
				13.611,
				-0.015,
				13.622,
				-0.015,
				13.633,
				-0.015,
				1,
				13.656,
				-0.015,
				13.678,
				-0.015,
				13.7,
				-0.015,
				1,
				13.767,
				-0.015,
				13.833,
				-0.015,
				13.9,
				-0.015,
				1,
				13.911,
				-0.015,
				13.922,
				-0.015,
				13.933,
				-0.015,
				1,
				13.978,
				-0.015,
				14.022,
				-0.015,
				14.067,
				-0.015,
				1,
				14.078,
				-0.015,
				14.089,
				-0.015,
				14.1,
				-0.015,
				1,
				14.133,
				-0.015,
				14.167,
				-0.015,
				14.2,
				-0.015,
				1,
				14.211,
				-0.015,
				14.222,
				-0.014,
				14.233,
				-0.014,
				1,
				14.267,
				-0.014,
				14.3,
				-0.014,
				14.333,
				-0.014,
				1,
				14.344,
				-0.014,
				14.356,
				-0.014,
				14.367,
				-0.014,
				1,
				14.378,
				-0.014,
				14.389,
				-0.014,
				14.4,
				-0.014,
				1,
				14.411,
				-0.014,
				14.422,
				-0.014,
				14.433,
				-0.014,
				1,
				14.456,
				-0.014,
				14.478,
				-0.014,
				14.5,
				-0.014,
				1,
				14.522,
				-0.014,
				14.544,
				-0.014,
				14.567,
				-0.014,
				1,
				14.578,
				-0.014,
				14.589,
				-0.014,
				14.6,
				-0.014,
				1,
				14.622,
				-0.014,
				14.644,
				-0.014,
				14.667,
				-0.014,
				1,
				14.678,
				-0.014,
				14.689,
				-0.014,
				14.7,
				-0.014,
				1,
				14.733,
				-0.014,
				14.767,
				-0.013,
				14.8,
				-0.013,
				1,
				14.811,
				-0.013,
				14.822,
				-0.013,
				14.833,
				-0.013,
				1,
				15.2,
				-0.013,
				15.567,
				-0.009,
				15.933,
				-0.009,
				1,
				15.944,
				-0.009,
				15.956,
				-0.131,
				15.967,
				-0.131,
				1,
				16,
				-0.131,
				16.033,
				0,
				16.067,
				0,
				1,
				17.2,
				0,
				18.333,
				0,
				19.467,
				0,
				0,
				21.933,
				0
			]
		},
		{
			"Target": "Parameter",
			"Id": "ParamBreath",
			"Segments": [
				0,
				0,
				1,
				5.756,
				0,
				11.511,
				0,
				17.267,
				0,
				0,
				21.933,
				0
			]
		},
		{
			"Target": "Parameter",
			"Id": "Param11",
			"Segments": [
				0,
				0,
				1,
				3.467,
				0,
				6.933,
				0,
				10.4,
				0,
				1,
				10.544,
				0,
				10.689,
				-0.518,
				10.833,
				-0.518,
				1,
				11,
				-0.518,
				11.167,
				-0.302,
				11.333,
				-0.302,
				1,
				11.467,
				-0.302,
				11.6,
				-0.348,
				11.733,
				-0.348,
				1,
				13.244,
				-0.348,
				14.756,
				0,
				16.267,
				0,
				1,
				17.333,
				0,
				18.4,
				0,
				19.467,
				0,
				0,
				21.933,
				0
			]
		},
		{
			"Target": "Parameter",
			"Id": "ParamBodyAngleX",
			"Segments": [
				0,
				0,
				1,
				5.756,
				0,
				11.511,
				0,
				17.267,
				0,
				0,
				21.933,
				0
			]
		},
		{
			"Target": "Parameter",
			"Id": "ParamBodyAngleY",
			"Segments": [
				0,
				0,
				1,
				5.756,
				0,
				11.511,
				0,
				17.267,
				0,
				0,
				21.933,
				0
			]
		},
		{
			"Target": "Parameter",
			"Id": "ParamBodyAngleZ",
			"Segments": [
				0,
				0,
				1,
				3.433,
				0,
				6.867,
				0,
				10.3,
				0,
				1,
				10.433,
				0,
				10.567,
				-1.045,
				10.7,
				-1.045,
				1,
				12.578,
				-1.045,
				14.456,
				0,
				16.333,
				0,
				1,
				17.378,
				0,
				18.422,
				0,
				19.467,
				0,
				0,
				21.933,
				0
			]
		},
		{
			"Target": "Parameter",
			"Id": "ParamBodyUpper",
			"Segments": [
				0,
				0,
				1,
				0.156,
				0,
				0.311,
				-2,
				0.467,
				-2,
				1,
				1.133,
				-2,
				1.8,
				1,
				2.467,
				1,
				1,
				3.022,
				1,
				3.578,
				0,
				4.133,
				0,
				1,
				6.1,
				0,
				8.067,
				0,
				10.033,
				0,
				1,
				10.233,
				0,
				10.433,
				-1,
				10.633,
				-1,
				1,
				10.989,
				-1,
				11.344,
				2,
				11.7,
				2,
				1,
				12.478,
				2,
				13.256,
				-1,
				14.033,
				-1,
				1,
				14.7,
				-1,
				15.367,
				0,
				16.033,
				0,
				1,
				16.444,
				0,
				16.856,
				0,
				17.267,
				0,
				0,
				21.933,
				0
			]
		},
		{
			"Target": "Parameter",
			"Id": "ParamCheek",
			"Segments": [
				0,
				0,
				1,
				5.756,
				0,
				11.511,
				0,
				17.267,
				0,
				0,
				21.933,
				0
			]
		}
	]
}