{
	"Version": 3,
	"Meta": {
		"Duration": 5.467,
		"Fps": 30.0,
		"Loop": true,
		"AreBeziersRestricted": false,
		"CurveCount": 38,
		"TotalSegmentCount": 507,
		"TotalPointCount": 1235,
		"UserDataCount": 0,
		"TotalUserDataSize": 0
	},
	"Curves": [
		{
			"Target": "Parameter",
			"Id": "Param7",
			"Segments": [
				0,
				0,
				1,
				0.256,
				0,
				0.511,
				0,
				0.767,
				0,
				1,
				0.978,
				0,
				1.189,
				0.622,
				1.4,
				0.622,
				1,
				1.567,
				0.622,
				1.733,
				0.006,
				1.9,
				0.006,
				1,
				2.022,
				0.006,
				2.144,
				0.128,
				2.267,
				0.128,
				1,
				2.556,
				0.128,
				2.844,
				-0.95,
				3.133,
				-0.95,
				1,
				3.367,
				-0.95,
				3.6,
				0.369,
				3.833,
				0.369,
				1,
				4,
				0.369,
				4.167,
				-0.122,
				4.333,
				-0.122,
				1,
				4.478,
				-0.122,
				4.622,
				0.115,
				4.767,
				0.115,
				1,
				4.911,
				0.115,
				5.056,
				-0.109,
				5.2,
				-0.109,
				1,
				5.289,
				-0.109,
				5.378,
				-0.029,
				5.467,
				0.033
			]
		},
		{
			"Target": "Parameter",
			"Id": "Param12",
			"Segments": [
				0,
				0,
				1,
				0.056,
				0,
				0.111,
				15.202,
				0.167,
				15.202,
				1,
				0.256,
				15.202,
				0.344,
				-23.954,
				0.433,
				-23.954,
				1,
				0.533,
				-23.954,
				0.633,
				12.189,
				0.733,
				12.189,
				1,
				0.844,
				12.189,
				0.956,
				-5.595,
				1.067,
				-5.595,
				1,
				1.178,
				-5.595,
				1.289,
				2.604,
				1.4,
				2.604,
				1,
				1.522,
				2.604,
				1.644,
				-1.216,
				1.767,
				-1.216,
				1,
				1.889,
				-1.216,
				2.011,
				14.113,
				2.133,
				14.113,
				1,
				2.222,
				14.113,
				2.311,
				-23.553,
				2.4,
				-23.553,
				1,
				2.5,
				-23.553,
				2.6,
				13.113,
				2.7,
				13.113,
				1,
				2.811,
				13.113,
				2.922,
				-5.968,
				3.033,
				-5.968,
				1,
				3.144,
				-5.968,
				3.256,
				2.764,
				3.367,
				2.764,
				1,
				3.489,
				2.764,
				3.611,
				-1.302,
				3.733,
				-1.302,
				1,
				3.844,
				-1.302,
				3.956,
				0.615,
				4.067,
				0.615,
				1,
				4.178,
				0.615,
				4.289,
				-0.288,
				4.4,
				-0.288,
				1,
				4.522,
				-0.288,
				4.644,
				0.135,
				4.767,
				0.135,
				1,
				4.878,
				0.135,
				4.989,
				-0.064,
				5.1,
				-0.064,
				1,
				5.211,
				-0.064,
				5.322,
				0.03,
				5.433,
				0.03,
				1,
				5.444,
				0.03,
				5.456,
				0.03,
				5.467,
				0.029
			]
		},
		{
			"Target": "Parameter",
			"Id": "Param14",
			"Segments": [
				0,
				0,
				1,
				0.111,
				0,
				0.222,
				0,
				0.333,
				0,
				1,
				0.411,
				0,
				0.489,
				0.666,
				0.567,
				0.666,
				1,
				0.667,
				0.666,
				0.767,
				-0.61,
				0.867,
				-0.61,
				1,
				0.978,
				-0.61,
				1.089,
				0.436,
				1.2,
				0.436,
				1,
				1.367,
				0.436,
				1.533,
				-0.289,
				1.7,
				-0.289,
				1,
				1.822,
				-0.289,
				1.944,
				0.073,
				2.067,
				0.073,
				1,
				2.167,
				0.073,
				2.267,
				-0.069,
				2.367,
				-0.069,
				1,
				2.4,
				-0.069,
				2.433,
				-0.039,
				2.467,
				-0.039,
				1,
				2.533,
				-0.039,
				2.6,
				-0.094,
				2.667,
				-0.094,
				1,
				2.778,
				-0.094,
				2.889,
				0.139,
				3,
				0.139,
				1,
				3.122,
				0.139,
				3.244,
				-0.129,
				3.367,
				-0.129,
				1,
				3.456,
				-0.129,
				3.544,
				0.08,
				3.633,
				0.08,
				1,
				3.678,
				0.08,
				3.722,
				0.05,
				3.767,
				0.05,
				1,
				3.856,
				0.05,
				3.944,
				0.218,
				4.033,
				0.218,
				1,
				4.133,
				0.218,
				4.233,
				-0.262,
				4.333,
				-0.262,
				1,
				4.433,
				-0.262,
				4.533,
				0.186,
				4.633,
				0.186,
				1,
				4.744,
				0.186,
				4.856,
				-0.176,
				4.967,
				-0.176,
				1,
				5.078,
				-0.176,
				5.189,
				0.167,
				5.3,
				0.167,
				1,
				5.356,
				0.167,
				5.411,
				0.085,
				5.467,
				0.004
			]
		},
		{
			"Target": "Parameter",
			"Id": "ParamAngleX",
			"Segments": [
				0,
				0,
				1,
				0.111,
				0,
				0.222,
				0,
				0.333,
				0,
				1,
				0.489,
				0,
				0.644,
				1.424,
				0.8,
				2,
				1,
				1.044,
				2.906,
				1.289,
				3,
				1.533,
				3,
				1,
				1.833,
				3,
				2.133,
				0,
				2.433,
				0,
				1,
				3.444,
				0,
				4.456,
				0,
				5.467,
				0
			]
		},
		{
			"Target": "Parameter",
			"Id": "ParamAngleY",
			"Segments": [
				0,
				0,
				1,
				0.111,
				0,
				0.222,
				-4,
				0.333,
				-4,
				1,
				0.489,
				-4,
				0.644,
				-4,
				0.8,
				-4,
				1,
				1.044,
				-4,
				1.289,
				-6,
				1.533,
				-6,
				1,
				1.833,
				-6,
				2.133,
				0,
				2.433,
				0,
				1,
				3.444,
				0,
				4.456,
				0,
				5.467,
				0
			]
		},
		{
			"Target": "Parameter",
			"Id": "ParamAngleZ",
			"Segments": [
				0,
				0,
				0,
				2.267,
				0,
				1,
				2.522,
				0,
				2.778,
				-2,
				3.033,
				-2,
				1,
				3.233,
				-2,
				3.433,
				0,
				3.633,
				0,
				0,
				5.467,
				0
			]
		},
		{
			"Target": "Parameter",
			"Id": "ParamEyeLOpen",
			"Segments": [
				0,
				1,
				1,
				0.078,
				1.008,
				0.156,
				0,
				0.233,
				0,
				1,
				0.311,
				0,
				0.389,
				1.008,
				0.467,
				1,
				0,
				1.933,
				1,
				1,
				2.022,
				0.996,
				2.111,
				0.004,
				2.2,
				0,
				1,
				2.289,
				0.004,
				2.378,
				0.896,
				2.467,
				0.9,
				2,
				2.5,
				0.9,
				0,
				2.533,
				0.9,
				0,
				2.567,
				0.9,
				0,
				2.6,
				0.9,
				3,
				2.633,
				0.9,
				0,
				2.7,
				0.9,
				2,
				2.733,
				0.9,
				0,
				2.767,
				0.9,
				0,
				2.8,
				0.9,
				0,
				2.833,
				0.9,
				2,
				2.867,
				0.9,
				2,
				2.9,
				0.9,
				3,
				2.933,
				0.9,
				0,
				2.967,
				0.9,
				0,
				3.033,
				0.9,
				0,
				3.067,
				0.9,
				0,
				3.133,
				0.9,
				0,
				3.167,
				0.9,
				0,
				3.267,
				0.9,
				2,
				3.3,
				0.9,
				3,
				3.333,
				0.9,
				0,
				3.433,
				0.9,
				0,
				3.467,
				0.9,
				0,
				3.533,
				0.9,
				0,
				3.567,
				0.9,
				0,
				3.6,
				0.9,
				0,
				3.633,
				0.9,
				3,
				3.667,
				0.9,
				2,
				3.7,
				0.9,
				0,
				3.733,
				0.9,
				0,
				3.767,
				0.9,
				0,
				3.8,
				0.9,
				3,
				3.833,
				0.9,
				0,
				3.867,
				0.9,
				0,
				3.9,
				0.9,
				2,
				3.933,
				0.9,
				0,
				3.967,
				0.9,
				0,
				4,
				0.9,
				0,
				4.033,
				0.9,
				3,
				4.067,
				0.9,
				2,
				4.1,
				0.9,
				0,
				4.133,
				0.9,
				0,
				4.167,
				0.9,
				0,
				4.2,
				0.9,
				3,
				4.233,
				0.9,
				0,
				4.267,
				0.9,
				0,
				4.3,
				0.9,
				0,
				4.333,
				0.9,
				0,
				4.367,
				0.9,
				0,
				4.433,
				0.9,
				0,
				4.467,
				0.9,
				0,
				4.5,
				0.9,
				2,
				4.533,
				0.9,
				3,
				4.567,
				0.9,
				3,
				4.6,
				0.9,
				0,
				4.633,
				0.9,
				0,
				4.667,
				0.9,
				3,
				4.7,
				0.9,
				0,
				4.767,
				0.9,
				0,
				4.8,
				0.9,
				0,
				4.867,
				0.9,
				0,
				4.9,
				0.9,
				2,
				4.933,
				0.9,
				0,
				4.967,
				0.9,
				3,
				5,
				0.9,
				0,
				5.033,
				0.9,
				0,
				5.067,
				0.9,
				0,
				5.1,
				0.9,
				3,
				5.133,
				0.9,
				0,
				5.367,
				0.9,
				1,
				5.4,
				0.902,
				5.433,
				0.998,
				5.467,
				1
			]
		},
		{
			"Target": "Parameter",
			"Id": "ParamEyeLSmile",
			"Segments": [
				0,
				0,
				1,
				0.644,
				0,
				1.289,
				0,
				1.933,
				0,
				1,
				2.022,
				0,
				2.111,
				0.9,
				2.2,
				0.9,
				1,
				2.289,
				0.9,
				2.378,
				0.9,
				2.467,
				0.9,
				1,
				3.433,
				0.9,
				4.4,
				0.838,
				5.367,
				0.7,
				1,
				5.4,
				0.695,
				5.433,
				0,
				5.467,
				0
			]
		},
		{
			"Target": "Parameter",
			"Id": "ParamEyeROpen",
			"Segments": [
				0,
				1,
				1,
				0.078,
				1.008,
				0.156,
				0,
				0.233,
				0,
				1,
				0.311,
				0,
				0.389,
				1.008,
				0.467,
				1,
				0,
				1.933,
				1,
				1,
				2.022,
				0.996,
				2.111,
				0.004,
				2.2,
				0,
				1,
				2.289,
				0.004,
				2.378,
				0.896,
				2.467,
				0.9,
				2,
				2.5,
				0.9,
				0,
				2.533,
				0.9,
				0,
				2.567,
				0.9,
				0,
				2.6,
				0.9,
				3,
				2.633,
				0.9,
				0,
				2.7,
				0.9,
				2,
				2.733,
				0.9,
				0,
				2.767,
				0.9,
				0,
				2.8,
				0.9,
				0,
				2.833,
				0.9,
				2,
				2.867,
				0.9,
				2,
				2.9,
				0.9,
				3,
				2.933,
				0.9,
				0,
				2.967,
				0.9,
				0,
				3.033,
				0.9,
				0,
				3.067,
				0.9,
				0,
				3.133,
				0.9,
				0,
				3.167,
				0.9,
				0,
				3.267,
				0.9,
				2,
				3.3,
				0.9,
				3,
				3.333,
				0.9,
				0,
				3.433,
				0.9,
				0,
				3.467,
				0.9,
				0,
				3.533,
				0.9,
				0,
				3.567,
				0.9,
				0,
				3.6,
				0.9,
				0,
				3.633,
				0.9,
				3,
				3.667,
				0.9,
				2,
				3.7,
				0.9,
				0,
				3.733,
				0.9,
				0,
				3.767,
				0.9,
				0,
				3.8,
				0.9,
				3,
				3.833,
				0.9,
				0,
				3.867,
				0.9,
				0,
				3.9,
				0.9,
				2,
				3.933,
				0.9,
				0,
				3.967,
				0.9,
				0,
				4,
				0.9,
				0,
				4.033,
				0.9,
				3,
				4.067,
				0.9,
				2,
				4.1,
				0.9,
				0,
				4.133,
				0.9,
				0,
				4.167,
				0.9,
				0,
				4.2,
				0.9,
				3,
				4.233,
				0.9,
				0,
				4.267,
				0.9,
				0,
				4.3,
				0.9,
				0,
				4.333,
				0.9,
				0,
				4.367,
				0.9,
				0,
				4.433,
				0.9,
				0,
				4.467,
				0.9,
				0,
				4.5,
				0.9,
				2,
				4.533,
				0.9,
				3,
				4.567,
				0.9,
				3,
				4.6,
				0.9,
				0,
				4.633,
				0.9,
				0,
				4.667,
				0.9,
				3,
				4.7,
				0.9,
				0,
				4.767,
				0.9,
				0,
				4.8,
				0.9,
				0,
				4.867,
				0.9,
				0,
				4.9,
				0.9,
				2,
				4.933,
				0.9,
				0,
				4.967,
				0.9,
				3,
				5,
				0.9,
				0,
				5.033,
				0.9,
				0,
				5.067,
				0.9,
				0,
				5.1,
				0.9,
				3,
				5.133,
				0.9,
				0,
				5.367,
				0.9,
				1,
				5.4,
				0.902,
				5.433,
				0.998,
				5.467,
				1
			]
		},
		{
			"Target": "Parameter",
			"Id": "ParamEyeRSmile",
			"Segments": [
				0,
				0,
				1,
				0.644,
				0,
				1.289,
				0,
				1.933,
				0,
				1,
				2.022,
				0,
				2.111,
				0.9,
				2.2,
				0.9,
				1,
				2.289,
				0.9,
				2.378,
				0.9,
				2.467,
				0.9,
				1,
				3.433,
				0.9,
				4.4,
				0.838,
				5.367,
				0.7,
				1,
				5.4,
				0.695,
				5.433,
				0,
				5.467,
				0
			]
		},
		{
			"Target": "Parameter",
			"Id": "ParamEyeBallX",
			"Segments": [
				0,
				0,
				1,
				0.156,
				0,
				0.311,
				0.3,
				0.467,
				0.3,
				1,
				0.956,
				0.3,
				1.444,
				0.3,
				1.933,
				0.3,
				1,
				2.111,
				0.3,
				2.289,
				0,
				2.467,
				0,
				1,
				3.467,
				0,
				4.467,
				0,
				5.467,
				0
			]
		},
		{
			"Target": "Parameter",
			"Id": "ParamEyeBallY",
			"Segments": [
				0,
				0,
				1,
				0.156,
				0,
				0.311,
				-0.4,
				0.467,
				-0.4,
				1,
				0.956,
				-0.4,
				1.444,
				-0.4,
				1.933,
				-0.4,
				1,
				2.111,
				-0.4,
				2.289,
				0,
				2.467,
				0,
				1,
				3.467,
				0,
				4.467,
				0,
				5.467,
				0
			]
		},
		{
			"Target": "Parameter",
			"Id": "ParamEyeBallForm",
			"Segments": [
				0,
				0,
				1,
				1.822,
				0,
				3.644,
				0,
				5.467,
				0
			]
		},
		{
			"Target": "Parameter",
			"Id": "ParamBrowLY",
			"Segments": [
				0,
				0,
				1,
				0.178,
				0,
				0.356,
				0,
				0.533,
				0,
				1,
				1.011,
				0,
				1.489,
				0,
				1.967,
				0,
				1,
				2.133,
				0,
				2.3,
				0,
				2.467,
				0,
				1,
				3.422,
				0,
				4.378,
				0,
				5.333,
				0,
				1,
				5.378,
				0,
				5.422,
				0,
				5.467,
				0
			]
		},
		{
			"Target": "Parameter",
			"Id": "ParamBrowRY",
			"Segments": [
				0,
				0,
				1,
				0.178,
				0,
				0.356,
				0,
				0.533,
				0,
				1,
				1.011,
				0,
				1.489,
				0,
				1.967,
				0,
				1,
				2.133,
				0,
				2.3,
				0,
				2.467,
				0,
				1,
				3.422,
				0,
				4.378,
				0,
				5.333,
				0,
				1,
				5.378,
				0,
				5.422,
				0,
				5.467,
				0
			]
		},
		{
			"Target": "Parameter",
			"Id": "ParamBrowLX",
			"Segments": [
				0,
				0,
				1,
				0.178,
				0,
				0.356,
				0,
				0.533,
				0,
				1,
				2.178,
				0,
				3.822,
				0,
				5.467,
				0
			]
		},
		{
			"Target": "Parameter",
			"Id": "ParamBrowRX",
			"Segments": [
				0,
				0,
				1,
				0.178,
				0,
				0.356,
				0,
				0.533,
				0,
				1,
				2.178,
				0,
				3.822,
				0,
				5.467,
				0
			]
		},
		{
			"Target": "Parameter",
			"Id": "ParamBrowLAngle",
			"Segments": [
				0,
				0,
				1,
				0.178,
				0,
				0.356,
				0,
				0.533,
				0,
				1,
				1.011,
				0,
				1.489,
				0,
				1.967,
				0,
				1,
				2.133,
				0,
				2.3,
				0,
				2.467,
				0,
				1,
				3.422,
				0,
				4.378,
				0,
				5.333,
				0,
				1,
				5.378,
				0,
				5.422,
				0,
				5.467,
				0
			]
		},
		{
			"Target": "Parameter",
			"Id": "ParamBrowRAngle",
			"Segments": [
				0,
				0,
				1,
				0.178,
				0,
				0.356,
				0,
				0.533,
				0,
				1,
				1.011,
				0,
				1.489,
				0,
				1.967,
				0,
				1,
				2.133,
				0,
				2.3,
				0,
				2.467,
				0,
				1,
				3.422,
				0,
				4.378,
				0,
				5.333,
				0,
				1,
				5.378,
				0,
				5.422,
				0,
				5.467,
				0
			]
		},
		{
			"Target": "Parameter",
			"Id": "ParamBrowLForm",
			"Segments": [
				0,
				0,
				1,
				0.178,
				0,
				0.356,
				0,
				0.533,
				0,
				1,
				0.656,
				0,
				0.778,
				0.2,
				0.9,
				0.2,
				1,
				1.256,
				0.2,
				1.611,
				0,
				1.967,
				0,
				1,
				2.133,
				0,
				2.3,
				0.6,
				2.467,
				0.6,
				1,
				3.422,
				0.6,
				4.378,
				0.6,
				5.333,
				0.6,
				1,
				5.378,
				0.6,
				5.422,
				0,
				5.467,
				0
			]
		},
		{
			"Target": "Parameter",
			"Id": "ParamBrowRForm",
			"Segments": [
				0,
				0,
				1,
				0.178,
				0,
				0.356,
				0,
				0.533,
				0,
				1,
				0.656,
				0,
				0.778,
				0.2,
				0.9,
				0.2,
				1,
				1.256,
				0.2,
				1.611,
				0,
				1.967,
				0,
				1,
				2.133,
				0,
				2.3,
				0.6,
				2.467,
				0.6,
				1,
				3.422,
				0.6,
				4.378,
				0.6,
				5.333,
				0.6,
				1,
				5.378,
				0.6,
				5.422,
				0,
				5.467,
				0
			]
		},
		{
			"Target": "Parameter",
			"Id": "ParamMouthForm",
			"Segments": [
				0,
				0,
				1,
				0.033,
				0.001,
				0.067,
				0.098,
				0.1,
				0.278,
				1,
				0.133,
				0.441,
				0.167,
				0.723,
				0.2,
				1,
				0,
				0.333,
				1,
				2,
				0.367,
				0.906,
				1,
				0.389,
				0.562,
				0.411,
				0.244,
				0.433,
				0.236,
				1,
				0.444,
				0.222,
				0.456,
				0.558,
				0.467,
				0.847,
				3,
				0.5,
				1,
				0,
				0.533,
				1,
				2,
				0.567,
				0.972,
				1,
				0.589,
				0.722,
				0.611,
				0.492,
				0.633,
				0.486,
				1,
				0.667,
				0.463,
				0.7,
				0.931,
				0.733,
				1,
				0,
				0.8,
				1,
				2,
				0.833,
				0.996,
				3,
				0.867,
				1,
				0,
				1,
				1,
				1,
				1.056,
				0.577,
				1.111,
				0.002,
				1.167,
				0,
				0,
				1.833,
				0,
				1,
				1.844,
				-0.016,
				1.856,
				0.358,
				1.867,
				0.678,
				1,
				1.873,
				1,
				1.889,
				0.893,
				1.9,
				1,
				2,
				1.933,
				0.709,
				1,
				1.944,
				0.403,
				1.956,
				0.047,
				1.967,
				0.062,
				1,
				2,
				0.046,
				2.033,
				0.761,
				2.067,
				1,
				0,
				2.133,
				1,
				1,
				2.167,
				0.802,
				2.2,
				0.114,
				2.233,
				0.134,
				1,
				2.244,
				0.121,
				2.256,
				0.429,
				2.267,
				0.694,
				1,
				2.274,
				1,
				2.289,
				0.958,
				2.3,
				1,
				0,
				2.333,
				1,
				1,
				2.367,
				0.95,
				2.4,
				0.309,
				2.433,
				0.346,
				1,
				2.478,
				0.341,
				2.522,
				0.969,
				2.567,
				0.964,
				1,
				2.589,
				0.962,
				2.611,
				0.856,
				2.633,
				0.854,
				1,
				2.644,
				0.824,
				2.656,
				1,
				2.667,
				1,
				0,
				2.733,
				1,
				2,
				2.767,
				0.987,
				1,
				2.811,
				0.634,
				2.856,
				0.102,
				2.9,
				0.102,
				1,
				2.922,
				0.108,
				2.944,
				0.448,
				2.967,
				0.454,
				1,
				3.033,
				0.458,
				3.1,
				-0.004,
				3.167,
				0,
				0,
				5.467,
				0
			]
		},
		{
			"Target": "Parameter",
			"Id": "ParamMouthOpenY",
			"Segments": [
				0,
				0,
				1,
				0.044,
				0.001,
				0.089,
				0.089,
				0.133,
				0.238,
				1,
				0.156,
				0.319,
				0.178,
				0.401,
				0.2,
				0.506,
				1,
				0.233,
				0.687,
				0.267,
				0.821,
				0.3,
				0.788,
				1,
				0.344,
				0.793,
				0.389,
				0.113,
				0.433,
				0.118,
				1,
				0.456,
				0.128,
				0.478,
				0.719,
				0.5,
				0.729,
				1,
				0.544,
				0.733,
				0.589,
				0.239,
				0.633,
				0.243,
				1,
				0.678,
				0.24,
				0.722,
				0.591,
				0.767,
				0.588,
				1,
				0.789,
				0.587,
				0.811,
				0.499,
				0.833,
				0.498,
				1,
				0.856,
				0.502,
				0.878,
				0.733,
				0.9,
				0.737,
				1,
				0.989,
				0.734,
				1.078,
				0.003,
				1.167,
				0,
				0,
				1.833,
				0,
				1,
				1.856,
				0.011,
				1.878,
				0.667,
				1.9,
				0.678,
				1,
				1.922,
				0.668,
				1.944,
				0.041,
				1.967,
				0.031,
				1,
				2.011,
				0.026,
				2.056,
				0.621,
				2.1,
				0.616,
				1,
				2.144,
				0.62,
				2.189,
				0.063,
				2.233,
				0.067,
				1,
				2.256,
				0.076,
				2.278,
				0.618,
				2.3,
				0.627,
				1,
				2.344,
				0.631,
				2.389,
				0.169,
				2.433,
				0.173,
				1,
				2.478,
				0.171,
				2.522,
				0.484,
				2.567,
				0.482,
				1,
				2.589,
				0.481,
				2.611,
				0.428,
				2.633,
				0.427,
				1,
				2.656,
				0.43,
				2.678,
				0.644,
				2.7,
				0.647,
				1,
				2.767,
				0.652,
				2.833,
				0.046,
				2.9,
				0.051,
				1,
				2.922,
				0.054,
				2.944,
				0.224,
				2.967,
				0.227,
				1,
				3.033,
				0.229,
				3.1,
				0,
				3.167,
				0,
				0,
				5.467,
				0
			]
		},
		{
			"Target": "Parameter",
			"Id": "ParamHairFront",
			"Segments": [
				0,
				0,
				1,
				0.111,
				0,
				0.222,
				0,
				0.333,
				0,
				1,
				0.422,
				0,
				0.511,
				-0.911,
				0.6,
				-0.911,
				1,
				0.733,
				-0.911,
				0.867,
				0.36,
				1,
				0.36,
				1,
				1.111,
				0.36,
				1.222,
				0.004,
				1.333,
				0.004,
				1,
				1.511,
				0.004,
				1.689,
				0.545,
				1.867,
				0.545,
				1,
				2.1,
				0.545,
				2.333,
				-0.348,
				2.567,
				-0.348,
				1,
				2.6,
				-0.348,
				2.633,
				-0.342,
				2.667,
				-0.342,
				1,
				2.811,
				-0.342,
				2.956,
				-0.804,
				3.1,
				-0.804,
				1,
				3.322,
				-0.804,
				3.544,
				0.194,
				3.767,
				0.194,
				1,
				3.867,
				0.194,
				3.967,
				-0.187,
				4.067,
				-0.187,
				1,
				4.167,
				-0.187,
				4.267,
				0.184,
				4.367,
				0.184,
				1,
				4.467,
				0.184,
				4.567,
				-0.182,
				4.667,
				-0.182,
				1,
				4.767,
				-0.182,
				4.867,
				0.18,
				4.967,
				0.18,
				1,
				5.067,
				0.18,
				5.167,
				-0.178,
				5.267,
				-0.178,
				1,
				5.333,
				-0.178,
				5.4,
				-0.021,
				5.467,
				0.084
			]
		},
		{
			"Target": "Parameter",
			"Id": "Param5",
			"Segments": [
				0,
				0,
				1,
				0.111,
				0,
				0.222,
				0,
				0.333,
				0,
				1,
				0.4,
				0,
				0.467,
				0.681,
				0.533,
				0.681,
				1,
				0.633,
				0.681,
				0.733,
				-1.054,
				0.833,
				-1.054,
				1,
				0.956,
				-1.054,
				1.078,
				0.325,
				1.2,
				0.325,
				1,
				1.3,
				0.325,
				1.4,
				-0.081,
				1.5,
				-0.081,
				1,
				1.522,
				-0.081,
				1.544,
				-0.077,
				1.567,
				-0.077,
				1,
				1.6,
				-0.077,
				1.633,
				-0.102,
				1.667,
				-0.102,
				1,
				1.811,
				-0.102,
				1.956,
				0.535,
				2.1,
				0.535,
				1,
				2.3,
				0.535,
				2.5,
				-0.026,
				2.7,
				-0.026,
				1,
				2.711,
				-0.026,
				2.722,
				-0.026,
				2.733,
				-0.026,
				1,
				2.811,
				-0.026,
				2.889,
				0.181,
				2.967,
				0.181,
				1,
				3.1,
				0.181,
				3.233,
				-0.481,
				3.367,
				-0.481,
				1,
				3.456,
				-0.481,
				3.544,
				-0.228,
				3.633,
				-0.228,
				1,
				3.678,
				-0.228,
				3.722,
				-0.437,
				3.767,
				-0.437,
				1,
				3.867,
				-0.437,
				3.967,
				0.42,
				4.067,
				0.42,
				1,
				4.167,
				0.42,
				4.267,
				-0.415,
				4.367,
				-0.415,
				1,
				4.467,
				-0.415,
				4.567,
				0.41,
				4.667,
				0.41,
				1,
				4.767,
				0.41,
				4.867,
				-0.405,
				4.967,
				-0.405,
				1,
				5.067,
				-0.405,
				5.167,
				0.4,
				5.267,
				0.4,
				1,
				5.333,
				0.4,
				5.4,
				0.047,
				5.467,
				-0.189
			]
		},
		{
			"Target": "Parameter",
			"Id": "ParamHairSide",
			"Segments": [
				0,
				0,
				1,
				0.111,
				0,
				0.222,
				0,
				0.333,
				0,
				1,
				0.422,
				0,
				0.511,
				-0.781,
				0.6,
				-0.781,
				1,
				0.733,
				-0.781,
				0.867,
				0.308,
				1,
				0.308,
				1,
				1.111,
				0.308,
				1.222,
				0.004,
				1.333,
				0.004,
				1,
				1.511,
				0.004,
				1.689,
				0.467,
				1.867,
				0.467,
				1,
				2.1,
				0.467,
				2.333,
				-0.298,
				2.567,
				-0.298,
				1,
				2.6,
				-0.298,
				2.633,
				-0.293,
				2.667,
				-0.293,
				1,
				2.811,
				-0.293,
				2.956,
				-0.689,
				3.1,
				-0.689,
				1,
				3.322,
				-0.689,
				3.544,
				0.167,
				3.767,
				0.167,
				1,
				3.867,
				0.167,
				3.967,
				-0.16,
				4.067,
				-0.16,
				1,
				4.167,
				-0.16,
				4.267,
				0.158,
				4.367,
				0.158,
				1,
				4.467,
				0.158,
				4.567,
				-0.156,
				4.667,
				-0.156,
				1,
				4.767,
				-0.156,
				4.867,
				0.154,
				4.967,
				0.154,
				1,
				5.067,
				0.154,
				5.167,
				-0.152,
				5.267,
				-0.152,
				1,
				5.333,
				-0.152,
				5.4,
				-0.018,
				5.467,
				0.072
			]
		},
		{
			"Target": "Parameter",
			"Id": "Param3",
			"Segments": [
				0,
				0,
				1,
				0.111,
				0,
				0.222,
				0,
				0.333,
				0,
				1,
				0.4,
				0,
				0.467,
				0.584,
				0.533,
				0.584,
				1,
				0.633,
				0.584,
				0.733,
				-0.904,
				0.833,
				-0.904,
				1,
				0.956,
				-0.904,
				1.078,
				0.278,
				1.2,
				0.278,
				1,
				1.3,
				0.278,
				1.4,
				-0.069,
				1.5,
				-0.069,
				1,
				1.522,
				-0.069,
				1.544,
				-0.066,
				1.567,
				-0.066,
				1,
				1.6,
				-0.066,
				1.633,
				-0.088,
				1.667,
				-0.088,
				1,
				1.811,
				-0.088,
				1.956,
				0.459,
				2.1,
				0.459,
				1,
				2.3,
				0.459,
				2.5,
				-0.022,
				2.7,
				-0.022,
				1,
				2.711,
				-0.022,
				2.722,
				-0.022,
				2.733,
				-0.022,
				1,
				2.811,
				-0.022,
				2.889,
				0.155,
				2.967,
				0.155,
				1,
				3.1,
				0.155,
				3.233,
				-0.412,
				3.367,
				-0.412,
				1,
				3.456,
				-0.412,
				3.544,
				-0.196,
				3.633,
				-0.196,
				1,
				3.678,
				-0.196,
				3.722,
				-0.375,
				3.767,
				-0.375,
				1,
				3.867,
				-0.375,
				3.967,
				0.36,
				4.067,
				0.36,
				1,
				4.167,
				0.36,
				4.267,
				-0.356,
				4.367,
				-0.356,
				1,
				4.467,
				-0.356,
				4.567,
				0.351,
				4.667,
				0.351,
				1,
				4.767,
				0.351,
				4.867,
				-0.347,
				4.967,
				-0.347,
				1,
				5.067,
				-0.347,
				5.167,
				0.343,
				5.267,
				0.343,
				1,
				5.333,
				0.342,
				5.4,
				0.04,
				5.467,
				-0.162
			]
		},
		{
			"Target": "Parameter",
			"Id": "ParamHairBack",
			"Segments": [
				0,
				0,
				1,
				0.111,
				0,
				0.222,
				0,
				0.333,
				0,
				1,
				0.433,
				0,
				0.533,
				-0.412,
				0.633,
				-0.412,
				1,
				0.789,
				-0.412,
				0.944,
				0.088,
				1.1,
				0.088,
				1,
				1.2,
				0.088,
				1.3,
				0.038,
				1.4,
				0.038,
				1,
				1.578,
				0.038,
				1.756,
				0.271,
				1.933,
				0.271,
				1,
				2.333,
				0.271,
				2.733,
				-0.307,
				3.133,
				-0.307,
				1,
				3.356,
				-0.307,
				3.578,
				0.078,
				3.8,
				0.078,
				1,
				3.911,
				0.078,
				4.022,
				-0.061,
				4.133,
				-0.061,
				1,
				4.2,
				-0.061,
				4.267,
				0,
				4.333,
				0,
				1,
				4.711,
				0,
				5.089,
				0,
				5.467,
				0
			]
		},
		{
			"Target": "Parameter",
			"Id": "Param4",
			"Segments": [
				0,
				0,
				1,
				0.111,
				0,
				0.222,
				0,
				0.333,
				0,
				1,
				0.411,
				0,
				0.489,
				0.666,
				0.567,
				0.666,
				1,
				0.667,
				0.666,
				0.767,
				-0.61,
				0.867,
				-0.61,
				1,
				0.978,
				-0.61,
				1.089,
				0.436,
				1.2,
				0.436,
				1,
				1.367,
				0.436,
				1.533,
				-0.289,
				1.7,
				-0.289,
				1,
				1.822,
				-0.289,
				1.944,
				0.073,
				2.067,
				0.073,
				1,
				2.167,
				0.073,
				2.267,
				-0.069,
				2.367,
				-0.069,
				1,
				2.4,
				-0.069,
				2.433,
				-0.039,
				2.467,
				-0.039,
				1,
				2.533,
				-0.039,
				2.6,
				-0.094,
				2.667,
				-0.094,
				1,
				2.778,
				-0.094,
				2.889,
				0.139,
				3,
				0.139,
				1,
				3.122,
				0.139,
				3.244,
				-0.129,
				3.367,
				-0.129,
				1,
				3.456,
				-0.129,
				3.544,
				0.08,
				3.633,
				0.08,
				1,
				3.678,
				0.08,
				3.722,
				0.05,
				3.767,
				0.05,
				1,
				3.856,
				0.05,
				3.944,
				0.218,
				4.033,
				0.218,
				1,
				4.133,
				0.218,
				4.233,
				-0.262,
				4.333,
				-0.262,
				1,
				4.433,
				-0.262,
				4.533,
				0.186,
				4.633,
				0.186,
				1,
				4.744,
				0.186,
				4.856,
				-0.176,
				4.967,
				-0.176,
				1,
				5.078,
				-0.176,
				5.189,
				0.167,
				5.3,
				0.167,
				1,
				5.356,
				0.167,
				5.411,
				0.085,
				5.467,
				0.004
			]
		},
		{
			"Target": "Parameter",
			"Id": "Param6",
			"Segments": [
				0,
				0,
				1,
				0.178,
				0,
				0.356,
				0,
				0.533,
				0,
				1,
				0.589,
				0,
				0.644,
				0.905,
				0.7,
				0.905,
				1,
				0.8,
				0.905,
				0.9,
				-1.783,
				1,
				-1.783,
				1,
				1.122,
				-1.783,
				1.244,
				1.471,
				1.367,
				1.471,
				1,
				1.5,
				1.471,
				1.633,
				-0.926,
				1.767,
				-0.926,
				1,
				1.9,
				-0.926,
				2.033,
				0.877,
				2.167,
				0.877,
				1,
				2.322,
				0.877,
				2.478,
				-0.308,
				2.633,
				-0.308,
				1,
				2.789,
				-0.308,
				2.944,
				0.248,
				3.1,
				0.248,
				1,
				3.233,
				0.248,
				3.367,
				-0.62,
				3.5,
				-0.62,
				1,
				3.644,
				-0.62,
				3.789,
				0.409,
				3.933,
				0.409,
				1,
				3.967,
				0.409,
				4,
				0.275,
				4.033,
				0.275,
				1,
				4.056,
				0.275,
				4.078,
				0.428,
				4.1,
				0.428,
				1,
				4.233,
				0.428,
				4.367,
				-0.724,
				4.5,
				-0.724,
				1,
				4.622,
				-0.724,
				4.744,
				0.847,
				4.867,
				0.847,
				1,
				4.978,
				0.847,
				5.089,
				-0.884,
				5.2,
				-0.884,
				1,
				5.289,
				-0.884,
				5.378,
				0.149,
				5.467,
				0.562
			]
		},
		{
			"Target": "Parameter",
			"Id": "Param",
			"Segments": [
				0,
				0,
				1,
				0.111,
				0,
				0.222,
				0,
				0.333,
				0,
				1,
				0.422,
				0,
				0.511,
				-0.781,
				0.6,
				-0.781,
				1,
				0.733,
				-0.781,
				0.867,
				0.308,
				1,
				0.308,
				1,
				1.111,
				0.308,
				1.222,
				0.004,
				1.333,
				0.004,
				1,
				1.511,
				0.004,
				1.689,
				0.467,
				1.867,
				0.467,
				1,
				2.1,
				0.467,
				2.333,
				-0.298,
				2.567,
				-0.298,
				1,
				2.6,
				-0.298,
				2.633,
				-0.293,
				2.667,
				-0.293,
				1,
				2.811,
				-0.293,
				2.956,
				-0.689,
				3.1,
				-0.689,
				1,
				3.322,
				-0.689,
				3.544,
				0.167,
				3.767,
				0.167,
				1,
				3.867,
				0.167,
				3.967,
				-0.16,
				4.067,
				-0.16,
				1,
				4.167,
				-0.16,
				4.267,
				0.158,
				4.367,
				0.158,
				1,
				4.467,
				0.158,
				4.567,
				-0.156,
				4.667,
				-0.156,
				1,
				4.767,
				-0.156,
				4.867,
				0.154,
				4.967,
				0.154,
				1,
				5.067,
				0.154,
				5.167,
				-0.152,
				5.267,
				-0.152,
				1,
				5.333,
				-0.152,
				5.4,
				-0.018,
				5.467,
				0.072
			]
		},
		{
			"Target": "Parameter",
			"Id": "Param2",
			"Segments": [
				0,
				0,
				1,
				0.111,
				0,
				0.222,
				0,
				0.333,
				0,
				1,
				0.4,
				0,
				0.467,
				0.584,
				0.533,
				0.584,
				1,
				0.633,
				0.584,
				0.733,
				-0.904,
				0.833,
				-0.904,
				1,
				0.956,
				-0.904,
				1.078,
				0.278,
				1.2,
				0.278,
				1,
				1.3,
				0.278,
				1.4,
				-0.069,
				1.5,
				-0.069,
				1,
				1.522,
				-0.069,
				1.544,
				-0.066,
				1.567,
				-0.066,
				1,
				1.6,
				-0.066,
				1.633,
				-0.088,
				1.667,
				-0.088,
				1,
				1.811,
				-0.088,
				1.956,
				0.459,
				2.1,
				0.459,
				1,
				2.3,
				0.459,
				2.5,
				-0.022,
				2.7,
				-0.022,
				1,
				2.711,
				-0.022,
				2.722,
				-0.022,
				2.733,
				-0.022,
				1,
				2.811,
				-0.022,
				2.889,
				0.155,
				2.967,
				0.155,
				1,
				3.1,
				0.155,
				3.233,
				-0.412,
				3.367,
				-0.412,
				1,
				3.456,
				-0.412,
				3.544,
				-0.196,
				3.633,
				-0.196,
				1,
				3.678,
				-0.196,
				3.722,
				-0.375,
				3.767,
				-0.375,
				1,
				3.867,
				-0.375,
				3.967,
				0.36,
				4.067,
				0.36,
				1,
				4.167,
				0.36,
				4.267,
				-0.356,
				4.367,
				-0.356,
				1,
				4.467,
				-0.356,
				4.567,
				0.351,
				4.667,
				0.351,
				1,
				4.767,
				0.351,
				4.867,
				-0.347,
				4.967,
				-0.347,
				1,
				5.067,
				-0.347,
				5.167,
				0.343,
				5.267,
				0.343,
				1,
				5.333,
				0.342,
				5.4,
				0.04,
				5.467,
				-0.162
			]
		},
		{
			"Target": "Parameter",
			"Id": "Param11",
			"Segments": [
				0,
				0,
				1,
				0.256,
				0,
				0.511,
				0,
				0.767,
				0,
				1,
				0.978,
				0,
				1.189,
				0.415,
				1.4,
				0.415,
				1,
				1.567,
				0.415,
				1.733,
				0.004,
				1.9,
				0.004,
				1,
				2.022,
				0.004,
				2.144,
				0.085,
				2.267,
				0.085,
				1,
				2.556,
				0.085,
				2.844,
				-0.634,
				3.133,
				-0.634,
				1,
				3.367,
				-0.634,
				3.6,
				0.246,
				3.833,
				0.246,
				1,
				4,
				0.246,
				4.167,
				-0.081,
				4.333,
				-0.081,
				1,
				4.478,
				-0.081,
				4.622,
				0.077,
				4.767,
				0.077,
				1,
				4.911,
				0.077,
				5.056,
				-0.072,
				5.2,
				-0.072,
				1,
				5.289,
				-0.072,
				5.378,
				-0.019,
				5.467,
				0.022
			]
		},
		{
			"Target": "Parameter",
			"Id": "ParamBodyAngleX",
			"Segments": [
				0,
				0,
				1,
				0.256,
				0,
				0.511,
				0,
				0.767,
				0,
				1,
				1.433,
				0,
				2.1,
				-1,
				2.767,
				-1,
				1,
				3.1,
				-1,
				3.433,
				0,
				3.767,
				0,
				1,
				4.333,
				0,
				4.9,
				0,
				5.467,
				0
			]
		},
		{
			"Target": "Parameter",
			"Id": "ParamBodyAngleY",
			"Segments": [
				0,
				0,
				1,
				0.256,
				0,
				0.511,
				0,
				0.767,
				0,
				1,
				1.433,
				0,
				2.1,
				1,
				2.767,
				1,
				1,
				3.1,
				1,
				3.433,
				0,
				3.767,
				0,
				1,
				4.333,
				0,
				4.9,
				0,
				5.467,
				0
			]
		},
		{
			"Target": "Parameter",
			"Id": "ParamBodyAngleZ",
			"Segments": [
				0,
				0,
				1,
				0.822,
				0,
				1.644,
				0,
				2.467,
				0,
				1,
				2.667,
				0,
				2.867,
				-0.692,
				3.067,
				-0.692,
				1,
				3.233,
				-0.692,
				3.4,
				0,
				3.567,
				0,
				1,
				4.2,
				0,
				4.833,
				0,
				5.467,
				0
			]
		},
		{
			"Target": "Parameter",
			"Id": "ParamBodyUpper",
			"Segments": [
				0,
				0,
				1,
				0.256,
				0,
				0.511,
				1,
				0.767,
				1,
				1,
				1.011,
				1,
				1.256,
				0.501,
				1.5,
				0,
				1,
				1.878,
				-0.774,
				2.256,
				-1,
				2.633,
				-1,
				1,
				2.944,
				-1,
				3.256,
				0,
				3.567,
				0,
				1,
				4.2,
				0,
				4.833,
				0,
				5.467,
				0
			]
		},
		{
			"Target": "Parameter",
			"Id": "ParamCheek",
			"Segments": [
				0,
				0,
				1,
				1.822,
				0,
				3.644,
				0,
				5.467,
				0
			]
		}
	]
}