{
	"Version": 3,
	"Meta": {
		"Duration": 5.767,
		"Fps": 30.0,
		"Loop": true,
		"AreBeziersRestricted": false,
		"CurveCount": 25,
		"TotalSegmentCount": 202,
		"TotalPointCount": 473,
		"UserDataCount": 0,
		"TotalUserDataSize": 0
	},
	"Curves": [
		{
			"Target": "Parameter",
			"Id": "Param7",
			"Segments": [
				0,
				0,
				1,
				1.922,
				0,
				3.844,
				0,
				5.767,
				0
			]
		},
		{
			"Target": "Parameter",
			"Id": "Param12",
			"Segments": [
				0,
				0,
				1,
				0.089,
				0,
				0.178,
				7.132,
				0.267,
				7.132,
				1,
				0.378,
				7.132,
				0.489,
				-8.216,
				0.6,
				-8.216,
				1,
				0.711,
				-8.216,
				0.822,
				3.814,
				0.933,
				3.814,
				1,
				1.044,
				3.814,
				1.156,
				-1.774,
				1.267,
				-1.774,
				1,
				1.389,
				-1.774,
				1.511,
				0.837,
				1.633,
				0.837,
				1,
				1.744,
				0.837,
				1.856,
				-0.395,
				1.967,
				-0.395,
				1,
				2.078,
				-0.395,
				2.189,
				0.185,
				2.3,
				0.185,
				1,
				2.433,
				0.185,
				2.567,
				-3.655,
				2.7,
				-3.655,
				1,
				2.844,
				-3.655,
				2.989,
				2.972,
				3.133,
				2.972,
				1,
				3.244,
				2.972,
				3.356,
				-1.124,
				3.467,
				-1.124,
				1,
				3.578,
				-1.124,
				3.689,
				0.631,
				3.8,
				0.631,
				1,
				3.811,
				0.631,
				3.822,
				0.586,
				3.833,
				0.586,
				1,
				3.9,
				0.586,
				3.967,
				11.075,
				4.033,
				11.075,
				1,
				4.133,
				11.075,
				4.233,
				-19.285,
				4.333,
				-19.285,
				1,
				4.433,
				-19.285,
				4.533,
				13.235,
				4.633,
				13.235,
				1,
				4.744,
				13.235,
				4.856,
				-5.939,
				4.967,
				-5.939,
				1,
				5.089,
				-5.939,
				5.211,
				2.791,
				5.333,
				2.791,
				1,
				5.456,
				2.791,
				5.578,
				-3.22,
				5.7,
				-3.22,
				1,
				5.722,
				-3.22,
				5.744,
				-2.895,
				5.767,
				-2.408
			]
		},
		{
			"Target": "Parameter",
			"Id": "Param14",
			"Segments": [
				0,
				0,
				1,
				1.922,
				0,
				3.844,
				0,
				5.767,
				0
			]
		},
		{
			"Target": "Parameter",
			"Id": "ParamAngleX",
			"Segments": [
				0,
				0,
				1,
				0.367,
				0,
				0.733,
				0,
				1.1,
				0,
				1,
				1.744,
				0,
				2.389,
				0,
				3.033,
				0,
				0,
				5.767,
				0
			]
		},
		{
			"Target": "Parameter",
			"Id": "ParamAngleY",
			"Segments": [
				0,
				0,
				1,
				0.367,
				0,
				0.435,
				10.958,
				1.1,
				11,
				1,
				2.097,
				11.299,
				2.435,
				-0.101,
				3.033,
				0,
				0,
				5.767,
				0
			]
		},
		{
			"Target": "Parameter",
			"Id": "ParamEyeLOpen",
			"Segments": [
				0,
				1,
				1,
				0.167,
				0.996,
				0.333,
				0.004,
				0.5,
				0,
				0,
				2.4,
				0,
				1,
				2.611,
				0,
				2.822,
				0.634,
				3.033,
				0.781,
				1,
				3.256,
				0.896,
				3.478,
				0.9,
				3.7,
				0.901,
				1,
				3.733,
				0.9,
				3.767,
				0.9,
				3.8,
				0.9,
				1,
				3.833,
				0.908,
				3.867,
				0.902,
				3.9,
				0.786,
				1,
				3.978,
				0.548,
				4.056,
				0,
				4.133,
				0,
				1,
				4.244,
				0.004,
				4.356,
				0.896,
				4.467,
				0.9,
				0,
				4.5,
				0.9,
				0,
				4.533,
				0.9,
				0,
				4.567,
				0.9,
				0,
				4.6,
				0.9,
				0,
				4.7,
				0.9,
				0,
				4.733,
				0.9,
				3,
				4.767,
				0.9,
				0,
				4.9,
				0.9,
				2,
				4.933,
				0.9,
				0,
				4.967,
				0.9,
				3,
				5,
				0.9,
				0,
				5.067,
				0.9,
				2,
				5.1,
				0.9,
				0,
				5.133,
				0.9,
				3,
				5.167,
				0.9,
				0,
				5.267,
				0.9,
				0,
				5.3,
				0.9,
				0,
				5.333,
				0.9,
				0,
				5.433,
				0.9,
				0,
				5.467,
				0.9,
				0,
				5.5,
				0.9,
				0,
				5.567,
				0.9,
				1,
				5.622,
				0.899,
				5.678,
				1.001,
				5.733,
				1,
				0,
				5.767,
				1
			]
		},
		{
			"Target": "Parameter",
			"Id": "ParamEyeLSmile",
			"Segments": [
				0,
				0,
				1,
				0.8,
				0,
				1.6,
				0,
				2.4,
				0,
				0,
				5.767,
				0
			]
		},
		{
			"Target": "Parameter",
			"Id": "ParamEyeROpen",
			"Segments": [
				0,
				1,
				1,
				0.167,
				0.996,
				0.333,
				0.004,
				0.5,
				0,
				0,
				2.4,
				0,
				1,
				2.611,
				0,
				2.822,
				0.634,
				3.033,
				0.781,
				1,
				3.256,
				0.896,
				3.478,
				0.9,
				3.7,
				0.901,
				1,
				3.733,
				0.9,
				3.767,
				0.9,
				3.8,
				0.9,
				1,
				3.833,
				0.908,
				3.867,
				0.902,
				3.9,
				0.786,
				1,
				3.978,
				0.548,
				4.056,
				0,
				4.133,
				0,
				1,
				4.244,
				0.004,
				4.356,
				0.896,
				4.467,
				0.9,
				0,
				4.5,
				0.9,
				0,
				4.533,
				0.9,
				0,
				4.567,
				0.9,
				0,
				4.6,
				0.9,
				0,
				4.7,
				0.9,
				0,
				4.733,
				0.9,
				3,
				4.767,
				0.9,
				0,
				4.9,
				0.9,
				2,
				4.933,
				0.9,
				0,
				4.967,
				0.9,
				3,
				5,
				0.9,
				0,
				5.067,
				0.9,
				2,
				5.1,
				0.9,
				0,
				5.133,
				0.9,
				3,
				5.167,
				0.9,
				0,
				5.267,
				0.9,
				0,
				5.3,
				0.9,
				0,
				5.333,
				0.9,
				0,
				5.433,
				0.9,
				0,
				5.467,
				0.9,
				0,
				5.5,
				0.9,
				0,
				5.567,
				0.9,
				1,
				5.622,
				0.899,
				5.678,
				1.001,
				5.733,
				1,
				0,
				5.767,
				1
			]
		},
		{
			"Target": "Parameter",
			"Id": "ParamEyeRSmile",
			"Segments": [
				0,
				0,
				1,
				0.8,
				0,
				1.6,
				0,
				2.4,
				0,
				0,
				5.767,
				0
			]
		},
		{
			"Target": "Parameter",
			"Id": "ParamMouthForm",
			"Segments": [
				0,
				0,
				0,
				0.133,
				0,
				1,
				0.156,
				0.011,
				0.178,
				0.438,
				0.2,
				0.9,
				3,
				0.233,
				1,
				0,
				0.367,
				1,
				1,
				0.378,
				0.999,
				0.391,
				1,
				0.4,
				0.981,
				3,
				0.433,
				1,
				0,
				0.5,
				1,
				2,
				0.533,
				0.913,
				1,
				0.556,
				0.614,
				0.578,
				0.338,
				0.6,
				0.331,
				1,
				0.611,
				0.317,
				0.622,
				0.655,
				0.633,
				0.946,
				3,
				0.667,
				1,
				0,
				0.7,
				1,
				1,
				0.711,
				1,
				0.722,
				0.989,
				0.733,
				0.932,
				1,
				0.744,
				0.955,
				0.756,
				1,
				0.767,
				1,
				0,
				0.833,
				1,
				1,
				0.844,
				1,
				0.856,
				0.843,
				0.867,
				0.875,
				0,
				0.933,
				0.918,
				1,
				1,
				0.924,
				1.067,
				0.134,
				1.133,
				0.14,
				1,
				1.156,
				0.15,
				1.178,
				0.739,
				1.2,
				0.749,
				1,
				1.267,
				0.753,
				1.333,
				0.215,
				1.4,
				0.22,
				1,
				1.467,
				0.216,
				1.533,
				0.66,
				1.6,
				0.657,
				1,
				1.667,
				0.662,
				1.733,
				-0.005,
				1.8,
				0,
				0,
				2.267,
				0,
				1,
				2.289,
				-0.001,
				2.311,
				0.175,
				2.333,
				0.396,
				1,
				2.344,
				0.511,
				2.356,
				0.647,
				2.367,
				0.769,
				1,
				2.378,
				0.878,
				2.389,
				1,
				2.4,
				1,
				0,
				2.5,
				1,
				2,
				2.533,
				0.861,
				1,
				2.556,
				0.513,
				2.578,
				0.192,
				2.6,
				0.184,
				1,
				2.611,
				0.172,
				2.622,
				0.454,
				2.633,
				0.696,
				1,
				2.642,
				1,
				2.656,
				0.991,
				2.667,
				1,
				0,
				2.733,
				1,
				1,
				2.778,
				0.811,
				2.822,
				0.461,
				2.867,
				0.466,
				1,
				2.889,
				0.471,
				2.911,
				0.771,
				2.933,
				0.776,
				1,
				2.978,
				0.777,
				3.022,
				0.584,
				3.067,
				0.585,
				1,
				3.089,
				0.589,
				3.111,
				0.767,
				3.133,
				0.959,
				3,
				3.167,
				1,
				0,
				3.233,
				1,
				2,
				3.267,
				0.97,
				1,
				3.289,
				0.783,
				3.311,
				0.611,
				3.333,
				0.607,
				1,
				3.356,
				0.592,
				3.378,
				0.875,
				3.4,
				1,
				0,
				3.533,
				1,
				2,
				3.567,
				0.935,
				1,
				3.6,
				0.64,
				3.633,
				0.367,
				3.667,
				0.36,
				1,
				3.689,
				0.358,
				3.711,
				1,
				3.733,
				1,
				1,
				3.778,
				1,
				3.822,
				0.299,
				3.867,
				0.317,
				1,
				3.889,
				0.321,
				3.911,
				0.561,
				3.933,
				0.565,
				1,
				3.978,
				0.569,
				4.022,
				0.081,
				4.067,
				0.085,
				1,
				4.089,
				0.09,
				4.111,
				0.411,
				4.133,
				0.416,
				1,
				4.178,
				0.419,
				4.222,
				-0.003,
				4.267,
				0,
				0,
				5.767,
				0
			]
		},
		{
			"Target": "Parameter",
			"Id": "ParamMouthOpenY",
			"Segments": [
				0,
				0,
				0,
				0.133,
				0,
				1,
				0.178,
				0,
				0.222,
				0.907,
				0.267,
				0.9,
				1,
				0.311,
				0.903,
				0.356,
				0.487,
				0.4,
				0.491,
				1,
				0.422,
				0.495,
				0.444,
				0.744,
				0.467,
				0.748,
				1,
				0.511,
				0.752,
				0.556,
				0.161,
				0.6,
				0.166,
				1,
				0.622,
				0.175,
				0.644,
				0.771,
				0.667,
				0.78,
				1,
				0.689,
				0.775,
				0.711,
				0.471,
				0.733,
				0.466,
				1,
				0.756,
				0.47,
				0.778,
				0.698,
				0.8,
				0.702,
				1,
				0.822,
				0.698,
				0.844,
				0.442,
				0.867,
				0.437,
				0,
				0.933,
				0.459,
				1,
				1,
				0.462,
				1.067,
				0.067,
				1.133,
				0.07,
				1,
				1.156,
				0.075,
				1.178,
				0.37,
				1.2,
				0.374,
				1,
				1.267,
				0.376,
				1.333,
				0.108,
				1.4,
				0.11,
				1,
				1.467,
				0.108,
				1.533,
				0.33,
				1.6,
				0.329,
				1,
				1.667,
				0.331,
				1.733,
				0,
				1.8,
				0,
				0,
				2.267,
				0,
				1,
				2.333,
				0,
				2.4,
				0.776,
				2.467,
				0.769,
				1,
				2.511,
				0.775,
				2.556,
				0.087,
				2.6,
				0.092,
				1,
				2.622,
				0.1,
				2.644,
				0.596,
				2.667,
				0.604,
				1,
				2.733,
				0.607,
				2.8,
				0.23,
				2.867,
				0.233,
				1,
				2.889,
				0.236,
				2.911,
				0.385,
				2.933,
				0.388,
				1,
				2.978,
				0.389,
				3.022,
				0.292,
				3.067,
				0.293,
				1,
				3.111,
				0.29,
				3.156,
				0.67,
				3.2,
				0.667,
				1,
				3.244,
				0.67,
				3.289,
				0.3,
				3.333,
				0.303,
				1,
				3.378,
				0.3,
				3.422,
				0.759,
				3.467,
				0.755,
				1,
				3.533,
				0.76,
				3.6,
				0.176,
				3.667,
				0.18,
				1,
				3.689,
				0.185,
				3.711,
				0.513,
				3.733,
				0.518,
				1,
				3.778,
				0.521,
				3.822,
				0.156,
				3.867,
				0.158,
				1,
				3.889,
				0.16,
				3.911,
				0.281,
				3.933,
				0.283,
				1,
				3.978,
				0.284,
				4.022,
				0.04,
				4.067,
				0.042,
				1,
				4.089,
				0.045,
				4.111,
				0.205,
				4.133,
				0.208,
				1,
				4.178,
				0.21,
				4.222,
				0,
				4.267,
				0,
				0,
				5.767,
				0
			]
		},
		{
			"Target": "Parameter",
			"Id": "ParamHairFront",
			"Segments": [
				0,
				0,
				1,
				1.922,
				0,
				3.844,
				0,
				5.767,
				0
			]
		},
		{
			"Target": "Parameter",
			"Id": "Param5",
			"Segments": [
				0,
				0,
				1,
				1.922,
				0,
				3.844,
				0,
				5.767,
				0
			]
		},
		{
			"Target": "Parameter",
			"Id": "ParamHairSide",
			"Segments": [
				0,
				0,
				1,
				1.922,
				0,
				3.844,
				0,
				5.767,
				0
			]
		},
		{
			"Target": "Parameter",
			"Id": "Param3",
			"Segments": [
				0,
				0,
				1,
				1.922,
				0,
				3.844,
				0,
				5.767,
				0
			]
		},
		{
			"Target": "Parameter",
			"Id": "ParamHairBack",
			"Segments": [
				0,
				0,
				1,
				1.922,
				0,
				3.844,
				0,
				5.767,
				0
			]
		},
		{
			"Target": "Parameter",
			"Id": "Param4",
			"Segments": [
				0,
				0,
				1,
				1.922,
				0,
				3.844,
				0,
				5.767,
				0
			]
		},
		{
			"Target": "Parameter",
			"Id": "Param6",
			"Segments": [
				0,
				0,
				1,
				1.922,
				0,
				3.844,
				0,
				5.767,
				0
			]
		},
		{
			"Target": "Parameter",
			"Id": "Param",
			"Segments": [
				0,
				0,
				1,
				1.922,
				0,
				3.844,
				0,
				5.767,
				0
			]
		},
		{
			"Target": "Parameter",
			"Id": "Param2",
			"Segments": [
				0,
				0,
				1,
				1.922,
				0,
				3.844,
				0,
				5.767,
				0
			]
		},
		{
			"Target": "Parameter",
			"Id": "ParamBreath",
			"Segments": [
				0,
				0,
				1,
				0.367,
				0,
				0.733,
				0.7,
				1.1,
				0.7,
				1,
				1.267,
				0.7,
				1.433,
				0.7,
				1.6,
				0.7,
				1,
				2.478,
				0.7,
				3.356,
				0,
				4.233,
				0,
				0,
				5.767,
				0
			]
		},
		{
			"Target": "Parameter",
			"Id": "Param11",
			"Segments": [
				0,
				0,
				1,
				1.922,
				0,
				3.844,
				0,
				5.767,
				0
			]
		},
		{
			"Target": "Parameter",
			"Id": "ParamBodyAngleX",
			"Segments": [
				0,
				0,
				1,
				0.367,
				0,
				0.733,
				0,
				1.1,
				0,
				1,
				1.533,
				0,
				1.967,
				0,
				2.4,
				0,
				1,
				3.022,
				0,
				3.644,
				0,
				4.267,
				0,
				0,
				5.767,
				0
			]
		},
		{
			"Target": "Parameter",
			"Id": "ParamBodyAngleY",
			"Segments": [
				0,
				0,
				1,
				0.367,
				0,
				0.733,
				3,
				1.1,
				3,
				1,
				1.533,
				3,
				1.967,
				-1,
				2.4,
				-1,
				1,
				3.022,
				-1,
				3.644,
				0,
				4.267,
				0,
				0,
				5.767,
				0
			]
		},
		{
			"Target": "Parameter",
			"Id": "ParamBodyAngleZ",
			"Segments": [
				0,
				0,
				1,
				1.922,
				0,
				3.844,
				0,
				5.767,
				0
			]
		}
	]
}