{
	"Version": 3,
	"Meta": {
		"Duration": 11.1,
		"Fps": 30.0,
		"Loop": true,
		"AreBeziersRestricted": false,
		"CurveCount": 35,
		"TotalSegmentCount": 660,
		"TotalPointCount": 1431,
		"UserDataCount": 0,
		"TotalUserDataSize": 0
	},
	"Curves": [
		{
			"Target": "Parameter",
			"Id": "Param7",
			"Segments": [
				0,
				0,
				1,
				1.633,
				0,
				3.267,
				0,
				4.9,
				0,
				1,
				5.033,
				0,
				5.167,
				1.414,
				5.3,
				1.414,
				1,
				5.5,
				1.414,
				5.7,
				-0.838,
				5.9,
				-0.838,
				1,
				6.056,
				-0.838,
				6.211,
				0.003,
				6.367,
				0.003,
				1,
				6.544,
				0.003,
				6.722,
				-0.326,
				6.9,
				-0.326,
				1,
				7.344,
				-0.326,
				7.789,
				0.027,
				8.233,
				0.027,
				1,
				8.267,
				0.027,
				8.3,
				0,
				8.333,
				0,
				1,
				9.256,
				0,
				10.178,
				0,
				11.1,
				0
			]
		},
		{
			"Target": "Parameter",
			"Id": "Param12",
			"Segments": [
				0,
				0.002,
				1,
				0.078,
				0.002,
				0.156,
				7.008,
				0.233,
				7.008,
				1,
				0.367,
				7.008,
				0.5,
				-13.518,
				0.633,
				-13.518,
				1,
				0.744,
				-13.518,
				0.856,
				11.687,
				0.967,
				11.687,
				1,
				1.089,
				11.687,
				1.211,
				-5.34,
				1.333,
				-5.34,
				1,
				1.444,
				-5.34,
				1.556,
				2.507,
				1.667,
				2.507,
				1,
				1.778,
				2.507,
				1.889,
				-1.172,
				2,
				-1.172,
				1,
				2.111,
				-1.172,
				2.222,
				7.539,
				2.333,
				7.539,
				1,
				2.467,
				7.539,
				2.6,
				-13.73,
				2.733,
				-13.73,
				1,
				2.844,
				-13.73,
				2.956,
				11.773,
				3.067,
				11.773,
				1,
				3.189,
				11.773,
				3.311,
				-5.375,
				3.433,
				-5.375,
				1,
				3.589,
				-5.375,
				3.744,
				8.249,
				3.9,
				8.249,
				1,
				4.033,
				8.249,
				4.167,
				-14.428,
				4.3,
				-14.428,
				1,
				4.411,
				-14.428,
				4.522,
				12.059,
				4.633,
				12.059,
				1,
				4.744,
				12.059,
				4.856,
				-5.024,
				4.967,
				-5.024,
				1,
				5.056,
				-5.024,
				5.144,
				7.612,
				5.233,
				7.612,
				1,
				5.356,
				7.612,
				5.478,
				-13.965,
				5.6,
				-13.965,
				1,
				5.7,
				-13.965,
				5.8,
				11.745,
				5.9,
				11.745,
				1,
				6.022,
				11.745,
				6.144,
				-5.42,
				6.267,
				-5.42,
				1,
				6.378,
				-5.42,
				6.489,
				2.586,
				6.6,
				2.586,
				1,
				6.722,
				2.586,
				6.844,
				-0.825,
				6.967,
				-0.825,
				1,
				7.078,
				-0.825,
				7.189,
				0.559,
				7.3,
				0.559,
				1,
				7.5,
				0.559,
				7.7,
				-0.934,
				7.9,
				-0.934,
				1,
				8.056,
				-0.934,
				8.211,
				1.011,
				8.367,
				1.011,
				1,
				8.478,
				1.011,
				8.589,
				-0.48,
				8.7,
				-0.48,
				1,
				8.811,
				-0.48,
				8.922,
				0.226,
				9.033,
				0.226,
				1,
				9.144,
				0.226,
				9.256,
				-0.106,
				9.367,
				-0.106,
				1,
				9.489,
				-0.106,
				9.611,
				0.05,
				9.733,
				0.05,
				1,
				9.844,
				0.05,
				9.956,
				-0.024,
				10.067,
				-0.024,
				1,
				10.178,
				-0.024,
				10.289,
				0.011,
				10.4,
				0.011,
				1,
				10.522,
				0.011,
				10.644,
				-0.005,
				10.767,
				-0.005,
				1,
				10.811,
				-0.005,
				10.856,
				-0.002,
				10.9,
				-0.002,
				1,
				10.933,
				-0.002,
				10.967,
				-2.09,
				11,
				-2.09,
				1,
				11.033,
				-2.09,
				11.067,
				-1.593,
				11.1,
				-0.971
			]
		},
		{
			"Target": "Parameter",
			"Id": "Param14",
			"Segments": [
				0,
				0,
				1,
				1.633,
				0,
				3.267,
				0,
				4.9,
				0,
				1,
				4.967,
				0,
				5.033,
				-1.177,
				5.1,
				-1.177,
				1,
				5.222,
				-1.177,
				5.344,
				1.38,
				5.467,
				1.38,
				1,
				5.567,
				1.38,
				5.667,
				-1.41,
				5.767,
				-1.41,
				1,
				5.9,
				-1.41,
				6.033,
				0.724,
				6.167,
				0.724,
				1,
				6.289,
				0.724,
				6.411,
				-0.178,
				6.533,
				-0.178,
				1,
				6.667,
				-0.178,
				6.8,
				0.215,
				6.933,
				0.215,
				1,
				7.067,
				0.215,
				7.2,
				0.076,
				7.333,
				0.076,
				1,
				7.444,
				0.076,
				7.556,
				0.119,
				7.667,
				0.119,
				1,
				7.811,
				0.119,
				7.956,
				0.015,
				8.1,
				0.015,
				1,
				8.111,
				0.015,
				8.122,
				0.015,
				8.133,
				0.015,
				1,
				8.2,
				0.015,
				8.267,
				0.11,
				8.333,
				0.11,
				1,
				8.344,
				0.11,
				8.356,
				0.085,
				8.367,
				0.085,
				1,
				8.4,
				0.085,
				8.433,
				0.192,
				8.467,
				0.192,
				1,
				8.611,
				0.192,
				8.756,
				0,
				8.9,
				0,
				1,
				9.633,
				0,
				10.367,
				0,
				11.1,
				0
			]
		},
		{
			"Target": "Parameter",
			"Id": "ParamAngleX",
			"Segments": [
				0,
				0,
				1,
				0.4,
				0,
				0.8,
				0,
				1.2,
				0,
				1,
				2.222,
				0,
				3.244,
				0,
				4.267,
				0,
				1,
				4.478,
				0,
				4.689,
				0,
				4.9,
				0,
				1,
				5.078,
				0,
				5.256,
				-7,
				5.433,
				-7,
				1,
				6.233,
				-7,
				7.033,
				-3.642,
				7.833,
				-1,
				1,
				8.189,
				0.174,
				8.544,
				0,
				8.9,
				0,
				0,
				11.1,
				0
			]
		},
		{
			"Target": "Parameter",
			"Id": "ParamAngleY",
			"Segments": [
				0,
				0,
				1,
				0.4,
				0,
				0.8,
				11,
				1.2,
				11,
				1,
				2.222,
				11,
				3.244,
				0,
				4.267,
				0,
				1,
				4.478,
				0,
				4.689,
				0,
				4.9,
				0,
				1,
				5.078,
				0,
				5.256,
				-0.162,
				5.433,
				-1,
				1,
				6.233,
				-4.771,
				7.033,
				-7,
				7.833,
				-7,
				1,
				8.189,
				-7,
				8.544,
				0,
				8.9,
				0,
				0,
				11.1,
				0
			]
		},
		{
			"Target": "Parameter",
			"Id": "ParamEyeLOpen",
			"Segments": [
				0,
				0.9,
				1,
				0.156,
				0.896,
				0.311,
				0.004,
				0.467,
				0,
				1,
				0.6,
				0.004,
				0.733,
				0.896,
				0.867,
				0.9,
				0,
				0.9,
				0.9,
				0,
				0.933,
				0.9,
				0,
				1,
				0.9,
				0,
				1.033,
				0.9,
				0,
				1.067,
				0.9,
				0,
				1.1,
				0.9,
				0,
				1.367,
				0.9,
				0,
				1.4,
				0.9,
				0,
				1.467,
				0.9,
				3,
				1.5,
				0.9,
				0,
				1.667,
				0.9,
				0,
				1.7,
				0.9,
				0,
				1.767,
				0.9,
				0,
				1.8,
				0.9,
				0,
				1.867,
				0.9,
				2,
				1.9,
				0.9,
				0,
				1.933,
				0.9,
				0,
				1.967,
				0.9,
				0,
				2.033,
				0.9,
				3,
				2.067,
				0.9,
				0,
				2.1,
				0.9,
				1,
				2.256,
				0.896,
				2.411,
				0.004,
				2.567,
				0,
				1,
				2.633,
				0,
				2.7,
				0.228,
				2.767,
				0.45,
				1,
				2.8,
				0.566,
				2.833,
				0.671,
				2.867,
				0.759,
				1,
				2.911,
				0.879,
				2.956,
				0.918,
				3,
				0.9,
				0,
				3.033,
				0.9,
				3,
				3.067,
				0.9,
				0,
				3.1,
				0.9,
				2,
				3.133,
				0.9,
				0,
				3.167,
				0.9,
				0,
				3.2,
				0.9,
				0,
				3.233,
				0.9,
				0,
				3.267,
				0.9,
				0,
				3.3,
				0.9,
				2,
				3.333,
				0.9,
				0,
				3.367,
				0.9,
				0,
				3.4,
				0.9,
				2,
				3.433,
				0.9,
				0,
				3.467,
				0.9,
				3,
				3.5,
				0.9,
				0,
				3.533,
				0.9,
				3,
				3.567,
				0.9,
				0,
				3.6,
				0.9,
				2,
				3.633,
				0.9,
				0,
				3.667,
				0.9,
				0,
				3.7,
				0.9,
				1,
				3.844,
				0.896,
				3.989,
				0.004,
				4.133,
				0,
				1,
				4.2,
				0,
				4.267,
				0.228,
				4.333,
				0.45,
				1,
				4.367,
				0.566,
				4.4,
				0.671,
				4.433,
				0.759,
				1,
				4.478,
				0.879,
				4.522,
				0.918,
				4.567,
				0.9,
				0,
				4.6,
				0.9,
				0,
				4.7,
				0.9,
				2,
				4.733,
				0.9,
				0,
				4.767,
				0.9,
				0,
				4.8,
				0.9,
				0,
				4.833,
				0.9,
				0,
				4.9,
				0.9,
				3,
				4.933,
				0.9,
				1,
				5.089,
				0.896,
				5.244,
				0.004,
				5.4,
				0,
				1,
				5.467,
				0,
				5.533,
				0.228,
				5.6,
				0.45,
				1,
				5.633,
				0.566,
				5.667,
				0.671,
				5.7,
				0.759,
				1,
				5.744,
				0.879,
				5.789,
				0.918,
				5.833,
				0.9,
				0,
				5.867,
				0.9,
				3,
				5.9,
				0.9,
				0,
				5.933,
				0.9,
				2,
				5.967,
				0.9,
				0,
				6,
				0.9,
				0,
				6.033,
				0.9,
				0,
				6.067,
				0.9,
				0,
				6.1,
				0.9,
				0,
				6.133,
				0.9,
				2,
				6.167,
				0.9,
				0,
				6.2,
				0.9,
				0,
				6.233,
				0.9,
				2,
				6.267,
				0.9,
				0,
				6.3,
				0.9,
				3,
				6.333,
				0.9,
				0,
				6.367,
				0.9,
				3,
				6.4,
				0.9,
				0,
				6.433,
				0.9,
				2,
				6.467,
				0.9,
				0,
				6.5,
				0.9,
				0,
				6.533,
				0.9,
				1,
				6.911,
				0.9,
				7.289,
				0.7,
				7.667,
				0.7,
				1,
				7.878,
				0.7,
				8.089,
				0.9,
				8.3,
				0.9,
				0,
				8.333,
				0.9,
				0,
				8.4,
				0.9,
				0,
				8.433,
				0.9,
				0,
				8.467,
				0.9,
				0,
				8.5,
				0.9,
				0,
				8.533,
				0.9,
				0,
				8.567,
				0.9,
				0,
				8.6,
				0.9,
				0,
				8.633,
				0.9,
				0,
				8.667,
				0.9,
				0,
				8.7,
				0.9,
				0,
				8.733,
				0.9,
				0,
				8.767,
				0.9,
				0,
				9.233,
				0.9,
				0,
				9.267,
				0.9,
				0,
				9.3,
				0.9,
				0,
				9.333,
				0.9,
				0,
				9.367,
				0.9,
				0,
				9.4,
				0.9,
				0,
				9.433,
				0.9,
				0,
				9.467,
				0.9,
				0,
				9.5,
				0.9,
				0,
				9.533,
				0.9,
				0,
				9.567,
				0.9,
				0,
				9.6,
				0.9,
				0,
				9.633,
				0.9,
				0,
				9.667,
				0.9,
				0,
				9.7,
				0.9,
				0,
				9.733,
				0.9,
				0,
				9.767,
				0.9,
				0,
				9.8,
				0.9,
				0,
				9.833,
				0.9,
				0,
				9.867,
				0.9,
				0,
				9.9,
				0.9,
				0,
				9.933,
				0.9,
				0,
				9.967,
				0.9,
				0,
				10,
				0.9,
				0,
				10.067,
				0.9,
				0,
				10.1,
				0.9,
				0,
				10.133,
				0.9,
				0,
				10.167,
				0.9,
				0,
				10.2,
				0.9,
				0,
				10.267,
				0.9,
				3,
				10.3,
				0.9,
				0,
				10.433,
				0.9,
				0,
				10.467,
				0.9,
				0,
				10.5,
				0.9,
				0,
				10.533,
				0.9,
				0,
				10.567,
				0.9,
				0,
				10.9,
				0.9,
				1,
				10.944,
				0.899,
				10.989,
				1.001,
				11.033,
				1,
				0,
				11.1,
				1
			]
		},
		{
			"Target": "Parameter",
			"Id": "ParamEyeLSmile",
			"Segments": [
				0,
				0,
				1,
				0.7,
				0,
				1.4,
				0,
				2.1,
				0,
				1,
				3.044,
				0,
				3.989,
				0,
				4.933,
				0,
				0,
				11.1,
				0
			]
		},
		{
			"Target": "Parameter",
			"Id": "ParamEyeROpen",
			"Segments": [
				0,
				0.9,
				1,
				0.156,
				0.896,
				0.311,
				0.004,
				0.467,
				0,
				1,
				0.6,
				0.004,
				0.733,
				0.896,
				0.867,
				0.9,
				0,
				0.9,
				0.9,
				0,
				0.933,
				0.9,
				0,
				1,
				0.9,
				0,
				1.033,
				0.9,
				0,
				1.067,
				0.9,
				0,
				1.1,
				0.9,
				0,
				1.367,
				0.9,
				0,
				1.4,
				0.9,
				0,
				1.467,
				0.9,
				3,
				1.5,
				0.9,
				0,
				1.667,
				0.9,
				0,
				1.7,
				0.9,
				0,
				1.767,
				0.9,
				0,
				1.8,
				0.9,
				0,
				1.867,
				0.9,
				2,
				1.9,
				0.9,
				0,
				1.933,
				0.9,
				0,
				1.967,
				0.9,
				0,
				2.033,
				0.9,
				3,
				2.067,
				0.9,
				0,
				2.1,
				0.9,
				1,
				2.256,
				0.896,
				2.411,
				0.004,
				2.567,
				0,
				1,
				2.633,
				0,
				2.7,
				0.228,
				2.767,
				0.45,
				1,
				2.8,
				0.566,
				2.833,
				0.671,
				2.867,
				0.759,
				1,
				2.911,
				0.879,
				2.956,
				0.918,
				3,
				0.9,
				0,
				3.033,
				0.9,
				3,
				3.067,
				0.9,
				0,
				3.1,
				0.9,
				2,
				3.133,
				0.9,
				0,
				3.167,
				0.9,
				0,
				3.2,
				0.9,
				0,
				3.233,
				0.9,
				0,
				3.267,
				0.9,
				0,
				3.3,
				0.9,
				2,
				3.333,
				0.9,
				0,
				3.367,
				0.9,
				0,
				3.4,
				0.9,
				2,
				3.433,
				0.9,
				0,
				3.467,
				0.9,
				3,
				3.5,
				0.9,
				0,
				3.533,
				0.9,
				3,
				3.567,
				0.9,
				0,
				3.6,
				0.9,
				2,
				3.633,
				0.9,
				0,
				3.667,
				0.9,
				0,
				3.7,
				0.9,
				1,
				3.844,
				0.896,
				3.989,
				0.004,
				4.133,
				0,
				1,
				4.2,
				0,
				4.267,
				0.228,
				4.333,
				0.45,
				1,
				4.367,
				0.566,
				4.4,
				0.671,
				4.433,
				0.759,
				1,
				4.478,
				0.879,
				4.522,
				0.918,
				4.567,
				0.9,
				0,
				4.6,
				0.9,
				0,
				4.7,
				0.9,
				2,
				4.733,
				0.9,
				0,
				4.767,
				0.9,
				0,
				4.8,
				0.9,
				0,
				4.833,
				0.9,
				0,
				4.9,
				0.9,
				3,
				4.933,
				0.9,
				1,
				5.089,
				0.896,
				5.244,
				0.004,
				5.4,
				0,
				1,
				5.467,
				0,
				5.533,
				0.228,
				5.6,
				0.45,
				1,
				5.633,
				0.566,
				5.667,
				0.671,
				5.7,
				0.759,
				1,
				5.744,
				0.879,
				5.789,
				0.918,
				5.833,
				0.9,
				0,
				5.867,
				0.9,
				3,
				5.9,
				0.9,
				0,
				5.933,
				0.9,
				2,
				5.967,
				0.9,
				0,
				6,
				0.9,
				0,
				6.033,
				0.9,
				0,
				6.067,
				0.9,
				0,
				6.1,
				0.9,
				0,
				6.133,
				0.9,
				2,
				6.167,
				0.9,
				0,
				6.2,
				0.9,
				0,
				6.233,
				0.9,
				2,
				6.267,
				0.9,
				0,
				6.3,
				0.9,
				3,
				6.333,
				0.9,
				0,
				6.367,
				0.9,
				3,
				6.4,
				0.9,
				0,
				6.433,
				0.9,
				2,
				6.467,
				0.9,
				0,
				6.5,
				0.9,
				0,
				6.533,
				0.9,
				1,
				6.911,
				0.9,
				7.289,
				0.7,
				7.667,
				0.7,
				1,
				7.878,
				0.7,
				8.089,
				0.9,
				8.3,
				0.9,
				0,
				8.333,
				0.9,
				0,
				8.4,
				0.9,
				0,
				8.433,
				0.9,
				0,
				8.467,
				0.9,
				0,
				8.5,
				0.9,
				0,
				8.533,
				0.9,
				0,
				8.567,
				0.9,
				0,
				8.6,
				0.9,
				0,
				8.633,
				0.9,
				0,
				8.667,
				0.9,
				0,
				8.7,
				0.9,
				0,
				8.733,
				0.9,
				0,
				8.767,
				0.9,
				0,
				9.233,
				0.9,
				0,
				9.267,
				0.9,
				0,
				9.3,
				0.9,
				0,
				9.333,
				0.9,
				0,
				9.367,
				0.9,
				0,
				9.4,
				0.9,
				0,
				9.433,
				0.9,
				0,
				9.467,
				0.9,
				0,
				9.5,
				0.9,
				0,
				9.533,
				0.9,
				0,
				9.567,
				0.9,
				0,
				9.6,
				0.9,
				0,
				9.633,
				0.9,
				0,
				9.667,
				0.9,
				0,
				9.7,
				0.9,
				0,
				9.733,
				0.9,
				0,
				9.767,
				0.9,
				0,
				9.8,
				0.9,
				0,
				9.833,
				0.9,
				0,
				9.867,
				0.9,
				0,
				9.9,
				0.9,
				0,
				9.933,
				0.9,
				0,
				9.967,
				0.9,
				0,
				10,
				0.9,
				0,
				10.067,
				0.9,
				0,
				10.1,
				0.9,
				0,
				10.133,
				0.9,
				0,
				10.167,
				0.9,
				0,
				10.2,
				0.9,
				0,
				10.267,
				0.9,
				3,
				10.3,
				0.9,
				0,
				10.433,
				0.9,
				0,
				10.467,
				0.9,
				0,
				10.5,
				0.9,
				0,
				10.533,
				0.9,
				0,
				10.567,
				0.9,
				0,
				10.9,
				0.9,
				1,
				10.944,
				0.899,
				10.989,
				1.001,
				11.033,
				1,
				0,
				11.1,
				1
			]
		},
		{
			"Target": "Parameter",
			"Id": "ParamEyeRSmile",
			"Segments": [
				0,
				0,
				1,
				0.7,
				0,
				1.4,
				0,
				2.1,
				0,
				1,
				3.044,
				0,
				3.989,
				0,
				4.933,
				0,
				0,
				11.1,
				0
			]
		},
		{
			"Target": "Parameter",
			"Id": "ParamEyeBallX",
			"Segments": [
				0,
				0,
				0,
				4.9,
				0,
				1,
				5.078,
				0,
				5.256,
				-0.2,
				5.433,
				-0.2,
				1,
				6.389,
				-0.2,
				7.344,
				0,
				8.3,
				0,
				0,
				11.1,
				0
			]
		},
		{
			"Target": "Parameter",
			"Id": "ParamEyeBallY",
			"Segments": [
				0,
				0,
				0,
				4.9,
				0,
				1,
				5.078,
				0,
				5.256,
				-0.6,
				5.433,
				-0.6,
				1,
				6.389,
				-0.6,
				7.344,
				0,
				8.3,
				0,
				0,
				11.1,
				0
			]
		},
		{
			"Target": "Parameter",
			"Id": "ParamBrowLY",
			"Segments": [
				0,
				-0.5,
				1,
				3.633,
				-0.5,
				7.267,
				-0.5,
				10.9,
				-0.5,
				1,
				10.944,
				-0.5,
				10.989,
				0,
				11.033,
				0,
				0,
				11.1,
				0
			]
		},
		{
			"Target": "Parameter",
			"Id": "ParamBrowRY",
			"Segments": [
				0,
				-0.5,
				1,
				3.633,
				-0.5,
				7.267,
				-0.5,
				10.9,
				-0.5,
				1,
				10.944,
				-0.5,
				10.989,
				0,
				11.033,
				0,
				0,
				11.1,
				0
			]
		},
		{
			"Target": "Parameter",
			"Id": "ParamBrowLX",
			"Segments": [
				0,
				0,
				1,
				3.633,
				0,
				7.267,
				0,
				10.9,
				0,
				0,
				11.1,
				0
			]
		},
		{
			"Target": "Parameter",
			"Id": "ParamBrowRX",
			"Segments": [
				0,
				0,
				1,
				3.633,
				0,
				7.267,
				0,
				10.9,
				0,
				0,
				11.1,
				0
			]
		},
		{
			"Target": "Parameter",
			"Id": "ParamBrowLAngle",
			"Segments": [
				0,
				0.4,
				1,
				3.633,
				0.4,
				7.267,
				0.4,
				10.9,
				0.4,
				1,
				10.944,
				0.4,
				10.989,
				0,
				11.033,
				0,
				0,
				11.1,
				0
			]
		},
		{
			"Target": "Parameter",
			"Id": "ParamBrowRAngle",
			"Segments": [
				0,
				0.4,
				1,
				3.633,
				0.4,
				7.267,
				0.4,
				10.9,
				0.4,
				1,
				10.944,
				0.4,
				10.989,
				0,
				11.033,
				0,
				0,
				11.1,
				0
			]
		},
		{
			"Target": "Parameter",
			"Id": "ParamBrowLForm",
			"Segments": [
				0,
				0.3,
				1,
				3.633,
				0.3,
				7.267,
				0.3,
				10.9,
				0.3,
				1,
				10.944,
				0.3,
				10.989,
				0,
				11.033,
				0,
				0,
				11.1,
				0
			]
		},
		{
			"Target": "Parameter",
			"Id": "ParamBrowRForm",
			"Segments": [
				0,
				0.3,
				1,
				3.633,
				0.3,
				7.267,
				0.3,
				10.9,
				0.3,
				1,
				10.944,
				0.3,
				10.989,
				0,
				11.033,
				0,
				0,
				11.1,
				0
			]
		},
		{
			"Target": "Parameter",
			"Id": "ParamMouthForm",
			"Segments": [
				0,
				-0.5,
				1,
				0.111,
				-0.501,
				0.222,
				-0.699,
				0.333,
				-0.7,
				1,
				0.367,
				-0.697,
				0.4,
				-0.503,
				0.433,
				-0.5,
				1,
				0.467,
				-0.503,
				0.5,
				-0.697,
				0.533,
				-0.7,
				1,
				0.589,
				-0.702,
				0.644,
				-0.498,
				0.7,
				-0.5,
				1,
				0.722,
				-0.502,
				0.744,
				-0.598,
				0.767,
				-0.6,
				1,
				0.833,
				-0.601,
				0.9,
				-0.499,
				0.967,
				-0.5,
				0,
				1.1,
				-0.5,
				1,
				1.178,
				-0.501,
				1.256,
				-0.324,
				1.333,
				-0.3,
				1,
				1.422,
				-0.271,
				1.511,
				-0.25,
				1.6,
				-0.235,
				1,
				1.767,
				-0.207,
				1.933,
				-0.2,
				2.1,
				-0.2,
				1,
				2.122,
				-0.199,
				2.144,
				-0.307,
				2.167,
				-0.393,
				1,
				2.2,
				-0.538,
				2.233,
				-0.55,
				2.267,
				-0.602,
				1,
				2.333,
				-0.682,
				2.4,
				-0.7,
				2.467,
				-0.7,
				1,
				2.533,
				-0.702,
				2.6,
				-0.498,
				2.667,
				-0.5,
				1,
				2.7,
				-0.508,
				2.733,
				-0.992,
				2.767,
				-1,
				1,
				2.811,
				-1,
				2.856,
				-0.597,
				2.9,
				-0.6,
				1,
				3,
				-0.602,
				3.1,
				-0.998,
				3.2,
				-1,
				1,
				3.3,
				-0.997,
				3.4,
				-0.203,
				3.5,
				-0.2,
				0,
				3.533,
				-0.2,
				3,
				3.567,
				-0.2,
				0,
				3.6,
				-0.2,
				0,
				3.633,
				-0.2,
				3,
				3.667,
				-0.2,
				0,
				3.833,
				-0.2,
				2,
				3.867,
				-0.2,
				0,
				3.9,
				-0.2,
				2,
				3.933,
				-0.2,
				3,
				3.967,
				-0.2,
				0,
				4,
				-0.2,
				3,
				4.033,
				-0.2,
				0,
				4.2,
				-0.2,
				0,
				4.233,
				-0.2,
				3,
				4.267,
				-0.2,
				0,
				5.067,
				-0.2,
				1,
				5.122,
				-0.194,
				5.178,
				-1,
				5.233,
				-1,
				1,
				5.267,
				-0.987,
				5.3,
				-0.213,
				5.333,
				-0.2,
				1,
				5.367,
				-0.213,
				5.4,
				-0.987,
				5.433,
				-1,
				1,
				5.489,
				-1,
				5.544,
				-0.194,
				5.6,
				-0.2,
				1,
				5.633,
				-0.213,
				5.667,
				-0.987,
				5.7,
				-1,
				1,
				5.789,
				-0.997,
				5.878,
				-0.203,
				5.967,
				-0.2,
				1,
				6.122,
				-0.2,
				6.278,
				-0.212,
				6.433,
				-0.242,
				1,
				6.511,
				-0.257,
				6.589,
				-0.277,
				6.667,
				-0.302,
				1,
				6.7,
				-0.313,
				6.733,
				-0.324,
				6.767,
				-0.337,
				1,
				6.789,
				-0.369,
				6.811,
				-0.281,
				6.833,
				-0.527,
				1,
				6.856,
				-0.713,
				6.878,
				-1,
				6.9,
				-1,
				1,
				6.944,
				-1,
				6.989,
				-0.395,
				7.033,
				-0.4,
				1,
				7.067,
				-0.4,
				7.1,
				-0.407,
				7.133,
				-0.43,
				1,
				7.178,
				-0.444,
				7.222,
				-0.559,
				7.267,
				-0.6,
				1,
				7.3,
				-0.597,
				7.333,
				-0.403,
				7.367,
				-0.4,
				1,
				7.433,
				-0.395,
				7.5,
				-1,
				7.567,
				-1,
				1,
				7.6,
				-0.987,
				7.633,
				-0.213,
				7.667,
				-0.2,
				1,
				7.711,
				-0.194,
				7.756,
				-1,
				7.8,
				-1,
				0,
				7.933,
				-1,
				1,
				7.978,
				-1,
				8.022,
				-0.194,
				8.067,
				-0.2,
				1,
				8.111,
				-0.194,
				8.156,
				-1,
				8.2,
				-1,
				1,
				8.233,
				-0.997,
				8.267,
				-0.932,
				8.3,
				-0.7,
				1,
				8.333,
				-0.466,
				8.367,
				-0.304,
				8.4,
				-0.3,
				1,
				8.444,
				-0.295,
				8.489,
				-1,
				8.533,
				-1,
				1,
				8.567,
				-0.997,
				8.6,
				-0.803,
				8.633,
				-0.8,
				0,
				8.7,
				-0.8,
				1,
				8.733,
				-0.791,
				8.767,
				-0.209,
				8.8,
				-0.2,
				1,
				9.511,
				-0.2,
				10.222,
				-0.5,
				10.933,
				-0.5,
				1,
				10.967,
				-0.492,
				11,
				-0.008,
				11.033,
				0,
				0,
				11.1,
				0
			]
		},
		{
			"Target": "Parameter",
			"Id": "ParamMouthOpenY",
			"Segments": [
				0,
				0,
				1,
				0.111,
				0.002,
				0.222,
				0.398,
				0.333,
				0.4,
				1,
				0.367,
				0.394,
				0.4,
				0.006,
				0.433,
				0,
				1,
				0.467,
				0.009,
				0.5,
				0.591,
				0.533,
				0.6,
				1,
				0.589,
				0.605,
				0.644,
				0,
				0.7,
				0,
				1,
				0.722,
				0.006,
				0.744,
				0.394,
				0.767,
				0.4,
				1,
				0.833,
				0.403,
				0.9,
				0,
				0.967,
				0,
				1,
				1.011,
				0,
				1.056,
				0.302,
				1.1,
				0.3,
				1,
				1.178,
				0.302,
				1.256,
				0,
				1.333,
				0,
				0,
				2.1,
				0,
				1,
				2.122,
				0,
				2.144,
				0.107,
				2.167,
				0.193,
				1,
				2.2,
				0.338,
				2.233,
				0.35,
				2.267,
				0.402,
				1,
				2.333,
				0.482,
				2.4,
				0.5,
				2.467,
				0.5,
				1,
				2.533,
				0.504,
				2.6,
				0,
				2.667,
				0,
				1,
				2.7,
				0.008,
				2.733,
				0.492,
				2.767,
				0.5,
				1,
				2.811,
				0.501,
				2.856,
				0.399,
				2.9,
				0.4,
				1,
				3,
				0.401,
				3.1,
				0.699,
				3.2,
				0.7,
				1,
				3.3,
				0.697,
				3.4,
				0.003,
				3.5,
				0,
				0,
				5.067,
				0,
				1,
				5.122,
				0,
				5.178,
				0.403,
				5.233,
				0.4,
				1,
				5.267,
				0.394,
				5.3,
				0.006,
				5.333,
				0,
				1,
				5.367,
				0.014,
				5.4,
				0.886,
				5.433,
				0.9,
				1,
				5.489,
				0.907,
				5.544,
				0,
				5.6,
				0,
				1,
				5.633,
				0.014,
				5.667,
				0.886,
				5.7,
				0.9,
				1,
				5.789,
				0.896,
				5.878,
				0.004,
				5.967,
				0,
				0,
				6.8,
				0,
				1,
				6.833,
				0.008,
				6.867,
				0.492,
				6.9,
				0.5,
				0,
				7.033,
				0.5,
				1,
				7.067,
				0.5,
				7.1,
				0.48,
				7.133,
				0.431,
				1,
				7.178,
				0.391,
				7.222,
				0.195,
				7.267,
				0.2,
				1,
				7.289,
				0.199,
				7.311,
				0.297,
				7.333,
				0.383,
				1,
				7.356,
				0.485,
				7.378,
				0.528,
				7.4,
				0.575,
				1,
				7.456,
				0.68,
				7.511,
				0.7,
				7.567,
				0.7,
				1,
				7.6,
				0.689,
				7.633,
				0.011,
				7.667,
				0,
				1,
				7.711,
				0,
				7.756,
				0.705,
				7.8,
				0.7,
				1,
				7.844,
				0.701,
				7.889,
				0.689,
				7.933,
				0.5,
				1,
				7.978,
				0.313,
				8.022,
				0,
				8.067,
				0,
				1,
				8.111,
				0,
				8.156,
				0.403,
				8.2,
				0.4,
				1,
				8.233,
				0.399,
				8.267,
				0.401,
				8.3,
				0.3,
				1,
				8.333,
				0.196,
				8.367,
				0.004,
				8.4,
				0,
				1,
				8.444,
				0,
				8.489,
				0.605,
				8.533,
				0.6,
				1,
				8.556,
				0.601,
				8.578,
				0.465,
				8.6,
				0.379,
				1,
				8.622,
				0.264,
				8.644,
				0.311,
				8.667,
				0.3,
				3,
				8.7,
				0.3,
				1,
				8.733,
				0.295,
				8.767,
				0.005,
				8.8,
				0,
				0,
				11.1,
				0
			]
		},
		{
			"Target": "Parameter",
			"Id": "ParamHairFront",
			"Segments": [
				0,
				0,
				1,
				1.633,
				0,
				3.267,
				0,
				4.9,
				0,
				1,
				4.989,
				0,
				5.078,
				2.965,
				5.167,
				2.965,
				1,
				5.3,
				2.965,
				5.433,
				-1.706,
				5.567,
				-1.706,
				1,
				5.689,
				-1.706,
				5.811,
				0.205,
				5.933,
				0.205,
				1,
				6.056,
				0.205,
				6.178,
				-0.378,
				6.3,
				-0.378,
				1,
				6.411,
				-0.378,
				6.522,
				-0.234,
				6.633,
				-0.234,
				1,
				6.744,
				-0.234,
				6.856,
				-0.308,
				6.967,
				-0.308,
				1,
				7.422,
				-0.308,
				7.878,
				0.113,
				8.333,
				0.113,
				1,
				8.444,
				0.113,
				8.556,
				-0.013,
				8.667,
				-0.013,
				1,
				8.744,
				-0.013,
				8.822,
				0,
				8.9,
				0,
				1,
				9.633,
				0,
				10.367,
				0,
				11.1,
				0
			]
		},
		{
			"Target": "Parameter",
			"Id": "Param5",
			"Segments": [
				0,
				0,
				1,
				1.633,
				0,
				3.267,
				0,
				4.9,
				0,
				1,
				4.956,
				0,
				5.011,
				-1.236,
				5.067,
				-1.236,
				1,
				5.189,
				-1.236,
				5.311,
				3.669,
				5.433,
				3.669,
				1,
				5.544,
				3.669,
				5.656,
				-1.541,
				5.767,
				-1.541,
				1,
				5.878,
				-1.541,
				5.989,
				0.45,
				6.1,
				0.45,
				1,
				6.222,
				0.45,
				6.344,
				-0.39,
				6.467,
				-0.39,
				1,
				6.478,
				-0.39,
				6.489,
				-0.39,
				6.5,
				-0.39,
				1,
				6.6,
				-0.39,
				6.7,
				-0.182,
				6.8,
				-0.182,
				1,
				6.933,
				-0.182,
				7.067,
				-0.309,
				7.2,
				-0.309,
				1,
				7.333,
				-0.309,
				7.467,
				-0.273,
				7.6,
				-0.273,
				1,
				7.633,
				-0.273,
				7.667,
				-0.276,
				7.7,
				-0.276,
				1,
				7.744,
				-0.276,
				7.789,
				-0.267,
				7.833,
				-0.267,
				1,
				7.889,
				-0.267,
				7.944,
				-0.294,
				8,
				-0.294,
				1,
				8.1,
				-0.294,
				8.2,
				-0.093,
				8.3,
				-0.093,
				1,
				8.311,
				-0.093,
				8.322,
				-0.113,
				8.333,
				-0.113,
				1,
				8.444,
				-0.113,
				8.556,
				0.013,
				8.667,
				0.013,
				1,
				8.744,
				0.013,
				8.822,
				0,
				8.9,
				0,
				1,
				9.633,
				0,
				10.367,
				0,
				11.1,
				0
			]
		},
		{
			"Target": "Parameter",
			"Id": "ParamHairSide",
			"Segments": [
				0,
				0,
				1,
				1.633,
				0,
				3.267,
				0,
				4.9,
				0,
				1,
				4.989,
				0,
				5.078,
				2.542,
				5.167,
				2.542,
				1,
				5.3,
				2.542,
				5.433,
				-1.462,
				5.567,
				-1.462,
				1,
				5.689,
				-1.462,
				5.811,
				0.176,
				5.933,
				0.176,
				1,
				6.056,
				0.176,
				6.178,
				-0.324,
				6.3,
				-0.324,
				1,
				6.411,
				-0.324,
				6.522,
				-0.2,
				6.633,
				-0.2,
				1,
				6.744,
				-0.2,
				6.856,
				-0.264,
				6.967,
				-0.264,
				1,
				7.422,
				-0.264,
				7.878,
				0.097,
				8.333,
				0.097,
				1,
				8.444,
				0.097,
				8.556,
				-0.011,
				8.667,
				-0.011,
				1,
				8.744,
				-0.011,
				8.822,
				0,
				8.9,
				0,
				1,
				9.633,
				0,
				10.367,
				0,
				11.1,
				0
			]
		},
		{
			"Target": "Parameter",
			"Id": "Param3",
			"Segments": [
				0,
				0,
				1,
				1.633,
				0,
				3.267,
				0,
				4.9,
				0,
				1,
				4.956,
				0,
				5.011,
				-1.06,
				5.067,
				-1.06,
				1,
				5.189,
				-1.06,
				5.311,
				3.145,
				5.433,
				3.145,
				1,
				5.544,
				3.145,
				5.656,
				-1.321,
				5.767,
				-1.321,
				1,
				5.878,
				-1.321,
				5.989,
				0.386,
				6.1,
				0.386,
				1,
				6.222,
				0.386,
				6.344,
				-0.335,
				6.467,
				-0.335,
				1,
				6.478,
				-0.335,
				6.489,
				-0.335,
				6.5,
				-0.335,
				1,
				6.6,
				-0.335,
				6.7,
				-0.156,
				6.8,
				-0.156,
				1,
				6.933,
				-0.156,
				7.067,
				-0.265,
				7.2,
				-0.265,
				1,
				7.333,
				-0.265,
				7.467,
				-0.234,
				7.6,
				-0.234,
				1,
				7.633,
				-0.234,
				7.667,
				-0.237,
				7.7,
				-0.237,
				1,
				7.744,
				-0.237,
				7.789,
				-0.229,
				7.833,
				-0.229,
				1,
				7.889,
				-0.229,
				7.944,
				-0.252,
				8,
				-0.252,
				1,
				8.1,
				-0.252,
				8.2,
				-0.08,
				8.3,
				-0.08,
				1,
				8.311,
				-0.08,
				8.322,
				-0.097,
				8.333,
				-0.097,
				1,
				8.444,
				-0.097,
				8.556,
				0.011,
				8.667,
				0.011,
				1,
				8.744,
				0.011,
				8.822,
				0,
				8.9,
				0,
				1,
				9.633,
				0,
				10.367,
				0,
				11.1,
				0
			]
		},
		{
			"Target": "Parameter",
			"Id": "ParamHairBack",
			"Segments": [
				0,
				0,
				1,
				1.633,
				0,
				3.267,
				0,
				4.9,
				0,
				1,
				5.011,
				0,
				5.122,
				1.298,
				5.233,
				1.298,
				1,
				5.367,
				1.298,
				5.5,
				-0.393,
				5.633,
				-0.393,
				1,
				5.767,
				-0.393,
				5.9,
				-0.041,
				6.033,
				-0.041,
				1,
				6.211,
				-0.041,
				6.389,
				-0.173,
				6.567,
				-0.173,
				1,
				6.611,
				-0.173,
				6.656,
				-0.171,
				6.7,
				-0.171,
				1,
				6.722,
				-0.171,
				6.744,
				-0.172,
				6.767,
				-0.172,
				1,
				6.778,
				-0.172,
				6.789,
				-0.172,
				6.8,
				-0.172,
				1,
				6.889,
				-0.172,
				6.978,
				-0.181,
				7.067,
				-0.181,
				1,
				7.078,
				-0.181,
				7.089,
				-0.18,
				7.1,
				-0.18,
				1,
				7.111,
				-0.18,
				7.122,
				-0.181,
				7.133,
				-0.181,
				1,
				7.144,
				-0.181,
				7.156,
				-0.181,
				7.167,
				-0.181,
				1,
				7.178,
				-0.181,
				7.189,
				-0.18,
				7.2,
				-0.18,
				1,
				7.211,
				-0.18,
				7.222,
				-0.18,
				7.233,
				-0.18,
				1,
				7.611,
				-0.18,
				7.989,
				0.03,
				8.367,
				0.03,
				1,
				8.467,
				0.03,
				8.567,
				-0.004,
				8.667,
				-0.004,
				1,
				8.744,
				-0.004,
				8.822,
				0,
				8.9,
				0,
				1,
				9.633,
				0,
				10.367,
				0,
				11.1,
				0
			]
		},
		{
			"Target": "Parameter",
			"Id": "Param4",
			"Segments": [
				0,
				0,
				1,
				1.633,
				0,
				3.267,
				0,
				4.9,
				0,
				1,
				4.967,
				0,
				5.033,
				-1.177,
				5.1,
				-1.177,
				1,
				5.222,
				-1.177,
				5.344,
				1.38,
				5.467,
				1.38,
				1,
				5.567,
				1.38,
				5.667,
				-1.41,
				5.767,
				-1.41,
				1,
				5.9,
				-1.41,
				6.033,
				0.724,
				6.167,
				0.724,
				1,
				6.289,
				0.724,
				6.411,
				-0.178,
				6.533,
				-0.178,
				1,
				6.667,
				-0.178,
				6.8,
				0.215,
				6.933,
				0.215,
				1,
				7.067,
				0.215,
				7.2,
				0.076,
				7.333,
				0.076,
				1,
				7.444,
				0.076,
				7.556,
				0.119,
				7.667,
				0.119,
				1,
				7.811,
				0.119,
				7.956,
				0.015,
				8.1,
				0.015,
				1,
				8.111,
				0.015,
				8.122,
				0.015,
				8.133,
				0.015,
				1,
				8.2,
				0.015,
				8.267,
				0.11,
				8.333,
				0.11,
				1,
				8.344,
				0.11,
				8.356,
				0.085,
				8.367,
				0.085,
				1,
				8.4,
				0.085,
				8.433,
				0.192,
				8.467,
				0.192,
				1,
				8.611,
				0.192,
				8.756,
				0,
				8.9,
				0,
				1,
				9.633,
				0,
				10.367,
				0,
				11.1,
				0
			]
		},
		{
			"Target": "Parameter",
			"Id": "Param6",
			"Segments": [
				0,
				0,
				1,
				1.656,
				0,
				3.311,
				0,
				4.967,
				0,
				1,
				5.033,
				0,
				5.1,
				-1.27,
				5.167,
				-1.27,
				1,
				5.289,
				-1.27,
				5.411,
				4.065,
				5.533,
				4.065,
				1,
				5.667,
				4.065,
				5.8,
				-4.263,
				5.933,
				-4.263,
				1,
				6.056,
				-4.263,
				6.178,
				2.681,
				6.3,
				2.681,
				1,
				6.433,
				2.681,
				6.567,
				-1.549,
				6.7,
				-1.549,
				1,
				6.833,
				-1.549,
				6.967,
				0.605,
				7.1,
				0.605,
				1,
				7.222,
				0.605,
				7.344,
				-0.404,
				7.467,
				-0.404,
				1,
				7.6,
				-0.404,
				7.733,
				0.057,
				7.867,
				0.057,
				1,
				7.978,
				0.057,
				8.089,
				-0.159,
				8.2,
				-0.159,
				1,
				8.356,
				-0.159,
				8.511,
				0.387,
				8.667,
				0.387,
				1,
				8.756,
				0.387,
				8.844,
				-0.243,
				8.933,
				-0.243,
				1,
				9.044,
				-0.243,
				9.156,
				0.23,
				9.267,
				0.23,
				1,
				9.322,
				0.23,
				9.378,
				0,
				9.433,
				0,
				1,
				9.989,
				0,
				10.544,
				0,
				11.1,
				0
			]
		},
		{
			"Target": "Parameter",
			"Id": "Param",
			"Segments": [
				0,
				0,
				1,
				1.633,
				0,
				3.267,
				0,
				4.9,
				0,
				1,
				4.989,
				0,
				5.078,
				2.542,
				5.167,
				2.542,
				1,
				5.3,
				2.542,
				5.433,
				-1.462,
				5.567,
				-1.462,
				1,
				5.689,
				-1.462,
				5.811,
				0.176,
				5.933,
				0.176,
				1,
				6.056,
				0.176,
				6.178,
				-0.324,
				6.3,
				-0.324,
				1,
				6.411,
				-0.324,
				6.522,
				-0.2,
				6.633,
				-0.2,
				1,
				6.744,
				-0.2,
				6.856,
				-0.264,
				6.967,
				-0.264,
				1,
				7.422,
				-0.264,
				7.878,
				0.097,
				8.333,
				0.097,
				1,
				8.444,
				0.097,
				8.556,
				-0.011,
				8.667,
				-0.011,
				1,
				8.744,
				-0.011,
				8.822,
				0,
				8.9,
				0,
				1,
				9.633,
				0,
				10.367,
				0,
				11.1,
				0
			]
		},
		{
			"Target": "Parameter",
			"Id": "Param2",
			"Segments": [
				0,
				0,
				1,
				1.633,
				0,
				3.267,
				0,
				4.9,
				0,
				1,
				4.956,
				0,
				5.011,
				-1.06,
				5.067,
				-1.06,
				1,
				5.189,
				-1.06,
				5.311,
				3.145,
				5.433,
				3.145,
				1,
				5.544,
				3.145,
				5.656,
				-1.321,
				5.767,
				-1.321,
				1,
				5.878,
				-1.321,
				5.989,
				0.386,
				6.1,
				0.386,
				1,
				6.222,
				0.386,
				6.344,
				-0.335,
				6.467,
				-0.335,
				1,
				6.478,
				-0.335,
				6.489,
				-0.335,
				6.5,
				-0.335,
				1,
				6.6,
				-0.335,
				6.7,
				-0.156,
				6.8,
				-0.156,
				1,
				6.933,
				-0.156,
				7.067,
				-0.265,
				7.2,
				-0.265,
				1,
				7.333,
				-0.265,
				7.467,
				-0.234,
				7.6,
				-0.234,
				1,
				7.633,
				-0.234,
				7.667,
				-0.237,
				7.7,
				-0.237,
				1,
				7.744,
				-0.237,
				7.789,
				-0.229,
				7.833,
				-0.229,
				1,
				7.889,
				-0.229,
				7.944,
				-0.252,
				8,
				-0.252,
				1,
				8.1,
				-0.252,
				8.2,
				-0.08,
				8.3,
				-0.08,
				1,
				8.311,
				-0.08,
				8.322,
				-0.097,
				8.333,
				-0.097,
				1,
				8.444,
				-0.097,
				8.556,
				0.011,
				8.667,
				0.011,
				1,
				8.744,
				0.011,
				8.822,
				0,
				8.9,
				0,
				1,
				9.633,
				0,
				10.367,
				0,
				11.1,
				0
			]
		},
		{
			"Target": "Parameter",
			"Id": "Param11",
			"Segments": [
				0,
				0,
				1,
				1.633,
				0,
				3.267,
				0,
				4.9,
				0,
				1,
				5.033,
				0,
				5.167,
				0.943,
				5.3,
				0.943,
				1,
				5.5,
				0.943,
				5.7,
				-0.559,
				5.9,
				-0.559,
				1,
				6.056,
				-0.559,
				6.211,
				0.002,
				6.367,
				0.002,
				1,
				6.544,
				0.002,
				6.722,
				-0.217,
				6.9,
				-0.217,
				1,
				7.344,
				-0.217,
				7.789,
				0.018,
				8.233,
				0.018,
				1,
				8.267,
				0.018,
				8.3,
				0,
				8.333,
				0,
				1,
				9.256,
				0,
				10.178,
				0,
				11.1,
				0
			]
		},
		{
			"Target": "Parameter",
			"Id": "ParamBodyAngleX",
			"Segments": [
				0,
				0,
				0,
				0.2,
				0,
				1,
				0.578,
				0,
				0.956,
				0,
				1.333,
				0,
				1,
				1.611,
				0,
				1.889,
				0,
				2.167,
				0,
				1,
				2.744,
				0,
				3.322,
				0,
				3.9,
				0,
				1,
				4.233,
				0,
				4.567,
				0,
				4.9,
				0,
				1,
				5.189,
				0,
				5.478,
				-2,
				5.767,
				-2,
				1,
				6.622,
				-2,
				7.478,
				0,
				8.333,
				0,
				0,
				11.1,
				0
			]
		},
		{
			"Target": "Parameter",
			"Id": "ParamBodyAngleY",
			"Segments": [
				0,
				0,
				0,
				0.2,
				0,
				1,
				0.578,
				0,
				0.956,
				1,
				1.333,
				1,
				1,
				1.611,
				1,
				1.889,
				1,
				2.167,
				1,
				1,
				2.744,
				1,
				3.322,
				0,
				3.9,
				0,
				1,
				4.233,
				0,
				4.567,
				0,
				4.9,
				0,
				1,
				5.189,
				0,
				5.478,
				0,
				5.767,
				0,
				1,
				6.622,
				0,
				7.478,
				0,
				8.333,
				0,
				0,
				11.1,
				0
			]
		},
		{
			"Target": "Parameter",
			"Id": "ParamBodyAngleZ",
			"Segments": [
				0,
				0,
				1,
				3.7,
				0,
				7.4,
				0,
				11.1,
				0
			]
		},
		{
			"Target": "Parameter",
			"Id": "ParamBodyUpper",
			"Segments": [
				0,
				0,
				0,
				0.2,
				0,
				1,
				0.578,
				0,
				0.956,
				1,
				1.333,
				1,
				1,
				1.611,
				1,
				1.889,
				1,
				2.167,
				1,
				1,
				2.744,
				1,
				3.322,
				0,
				3.9,
				0,
				0,
				11.1,
				0
			]
		}
	]
}