{
	"Type": "Live2D Expression",
	"Parameters": [
		{
			"Id": "ParamMouthForm",
			"Value": 0.378,
			"Blend": "Add"
		},
		{
			"Id": "ParamBrowRAngle",
			"Value": 0.422,
			"Blend": "Add"
		},
		{
			"Id": "ParamBrowLAngle",
			"Value": 0.422,
			"Blend": "Add"
		},
		{
			"Id": "ParamEyeLSmile",
			"Value": 1,
			"Blend": "Add"
		},
		{
			"Id": "ParamEyeLOpen",
			"Value": -0.1,
			"Blend": "Add"
		},
		{
			"Id": "ParamEyeROpen",
			"Value": -0.1,
			"Blend": "Add"
		},
		{
			"Id": "ParamEyeRSmile",
			"Value": 1,
			"Blend": "Add"
		}
	]
}