{
	"Type": "Live2D Expression",
	"Parameters": [
		{
			"Id": "ParamEyeLOpen",
			"Value": -1,
			"Blend": "Add"
		},
		{
			"Id": "ParamEyeROpen",
			"Value": -1,
			"Blend": "Add"
		},
		{
			"Id": "ParamMouthForm",
			"Value": -0.644,
			"Blend": "Add"
		},
		{
			"Id": "ParamAngleX",
			"Value": -11.333,
			"Blend": "Add"
		},
		{
			"Id": "ParamAngleY",
			"Value": -9.333,
			"Blend": "Add"
		},
		{
			"Id": "ParamBrowLAngle",
			"Value": 1,
			"Blend": "Add"
		},
		{
			"Id": "ParamBrowRAngle",
			"Value": 1,
			"Blend": "Add"
		},
		{
			"Id": "ParamBrowLForm",
			"Value": -0.6,
			"Blend": "Add"
		},
		{
			"Id": "ParamBrowRForm",
			"Value": -0.6,
			"Blend": "Add"
		}
	]
}